,ruid,sum(wb)
0,97564,9145064070861.0
1,85100,270756186172.0
2,17389,416069135500.0
3,57178,516018.0
4,35947,0.0
5,101475,0.0
6,9900,0.0
7,48711,2087585063301.0
8,69743,587780488160.0
9,97705,208426189184.0
10,40021,7482968611766.0
11,70830,0.0
12,61867,0.0
13,37480,331660649150.0
14,22412,24991388.0
15,11280,0.0
16,78709,3072412385050.0
17,34531,5579270544.0
18,68879,1538407368588.0
19,1352,0.0
20,97094,945207718.0
21,38615,0.0
22,12393,0.0
23,72912,62777935246.0
24,14997,0.0
25,69828,4583783624068.0
26,42754,6983391966664.0
27,23367,0.0
28,47671,45205685376.0
29,44505,0.0
30,14770,475014186856.0
31,35331,2090388966320.0
32,9647,0.0
33,51156,506834982624.0
34,76092,1401686706834.0
35,35593,0.0
36,19149,0.0
37,88890,0.0
38,95934,0.0
39,12607,0.0
40,102286,269912560.0
41,92428,0.0
42,97832,18159193045347.0
43,48997,0.0
44,43675,0.0
45,82922,73590755378280.0
46,88684,15597933616.0
47,16295,1456666225613.0
48,24482,51961284484.0
49,32253,93643166424.0
50,14124,0.0
51,103663,0.0
52,91652,0.0
53,21603,0.0
54,21303,72882520.0
55,7584,0.0
56,101678,0.0
57,105371,0.0
58,57058,5742041260705.0
59,59448,5382174709002.0
60,82907,13073438264.0
61,40131,13931305989195.0
62,90393,0.0
63,9475,2375013810.0
64,19335,0.0
65,32644,3008004546030.0
66,50617,4120434032015.0
67,94306,0.0
68,51959,0.0
69,94901,556069398.0
70,47682,215470576.0
71,46433,0.0
72,29340,24014698384.0
73,96770,0.0
74,13214,635232844756.0
75,18107,5431625286.0
76,36946,0.0
77,17067,5842193751817.0
78,86505,0.0
79,73106,2184067706534.0
80,101667,0.0
81,5235,0.0
82,7202,27349684281436.0
83,37858,106947674291882.0
84,90267,0.0
85,49345,0.0
86,70906,13625677064269.0
87,44111,0.0
88,85623,0.0
89,10162,216517780496.0
90,98736,0.0
91,12182,0.0
92,105076,0.0
93,36282,0.0
94,30345,0.0
95,77408,58958358.0
96,91452,2965511665814.0
97,48789,0.0
98,38991,0.0
99,80884,252687502020.0
100,74714,1051691314.0
101,73880,33046922828.0
102,8429,1828922316743.0
103,67569,0.0
104,90552,36418325040.0
105,12494,38401127358.0
106,98479,0.0
107,69708,318049011141.0
108,92083,283807473852.0
109,63294,235725765694.0
110,10180,1871242849269.0
111,66667,25036.0
112,70687,1172543570.0
113,78829,612892443274.0
114,56351,0.0
115,86084,210260617745.0
116,36898,0.0
117,29323,1502496020578.0
118,63501,195874672472.0
119,89632,91878718572.0
120,84629,313643664168.0
121,17147,4555367153916.0
122,90709,671674946320.0
123,10580,33192784.0
124,35145,11229995453391.0
125,84631,46728173879034.0
126,23464,52760384556.0
127,51233,501447806.0
128,31365,18765160310533.0
129,90272,0.0
130,103660,0.0
131,100858,0.0
132,91545,37513420230.0
133,93090,0.0
134,97299,168870750438.0
135,12117,431582454382.0
136,13052,260952055160.0
137,23604,8887554500.0
138,24816,0.0
139,23667,0.0
140,98996,41849296326.0
141,56583,0.0
142,88991,0.0
143,32425,8775803435648.0
144,29426,8343313702822.0
145,1574,411025637250.0
146,92961,170443878128.0
147,29575,252565332671.0
148,69636,2742922521044.0
149,82766,19439218489.0
150,94404,68340510.0
151,83402,0.0
152,32636,0.0
153,12868,0.0
154,59003,0.0
155,34009,0.0
156,94405,0.0
157,51727,0.0
158,78912,0.0
159,41196,11274615038.0
160,23605,92839610664.0
161,28997,0.0
162,24174,0.0
163,96777,1707503942.0
164,100496,4019734057528.0
165,72531,21286420330408.0
166,32518,176606541541908.0
167,96956,224027861404.0
168,97229,0.0
169,74916,1713143938614.0
170,83669,111420649648701.0
171,24085,6421828488950.0
172,12329,2556271612361.0
173,101965,0.0
174,90836,0.0
175,103472,0.0
176,92842,0.0
177,81839,0.0
178,95116,0.0
179,12662,57200808774.0
180,15083,91666975519824.0
181,42642,1633863329568.0
182,31220,1220256628041.0
183,14096,0.0
184,43222,71974464816.0
185,91577,4837730554.0
186,48721,6222258696.0
187,102366,1708843274.0
188,90372,0.0
189,51751,17870485608327.0
190,34970,11453206431949.0
191,57600,182024585890.0
192,57855,34524491423.0
193,25256,0.0
194,56390,6644132188930.0
195,43052,10866302034.0
196,15454,11901777452.0
197,91588,74710357814.0
198,94003,14211633440.0
199,3528,96792932646.0
200,33018,0.0
201,104803,0.0
202,3123,0.0
203,38748,1053532876.0
204,77555,1574912175404.0
205,37811,77937111269.0
206,12148,4934347090663.0
207,86279,109232452.0
208,57865,0.0
209,82349,2945522616.0
210,21288,0.0
211,101382,0.0
212,38274,4723064929560.0
213,32189,994976873860.0
214,71684,664663634118.0
215,42068,1503690566740.0
216,42932,886903565508.0
217,86707,0.0
218,46735,1911869777977.0
219,75595,829947769424.0
220,75640,122291932978.0
221,79775,0.0
222,24900,31312543966.0
223,15974,0.0
224,23596,3629936010502.0
225,56869,104242593589766.0
226,56373,5714642261617.0
227,70743,724046703942.0
228,73805,320415416660.0
229,13125,167968099348.0
230,47972,721622953932.0
231,31095,3029432198980.0
232,59590,5324525395452.0
233,96789,0.0
234,72845,0.0
235,28100,0.0
236,61206,5416409053803.0
237,49624,0.0
238,7583,0.0
239,40417,1643000757672.0
240,72624,5769877850760.0
241,51655,0.0
242,79337,823316376186.0
243,32535,303593762680.0
244,57692,261913569638.0
245,29609,0.0
246,99567,0.0
247,80801,0.0
248,62818,16971736179517.0
249,38566,1792692118138.0
250,12000,0.0
251,33777,28941475294.0
252,37033,0.0
253,68220,0.0
254,11608,4781985004.0
255,86099,135283459248.0
256,22461,0.0
257,14824,0.0
258,29673,727654445589.0
259,31423,0.0
260,69790,4965921456286.0
261,38430,2629847888881.0
262,31798,2846753148389.0
263,52016,6902129690877.0
264,55959,2844994405098.0
265,24376,33510178706.0
266,12744,0.0
267,26986,1388527418488.0
268,96649,100738189098.0
269,24724,0.0
270,30261,623282972062.0
271,41713,25144365283273.0
272,9193,4011258521878.0
273,24943,1472351994450.0
274,94443,0.0
275,103445,0.0
276,34831,718221470.0
277,103482,0.0
278,15742,0.0
279,30339,0.0
280,7026,80000.0
281,103233,0.0
282,19016,21598176162571.0
283,39877,512812041676.0
284,32299,0.0
285,85620,2100726224696.0
286,36408,0.0
287,11906,41483762842.0
288,37579,0.0
289,40418,385956043602.0
290,94899,0.0
291,47854,611278532484.0
292,91056,57109416904.0
293,58006,0.0
294,23310,0.0
295,55720,2225392179774.0
296,72490,1120412198502.0
297,9341,0.0
298,80271,0.0
299,54650,9817119641.0
300,2042,264261142.0
301,95477,1456182230537.0
302,79057,2536243588544.0
303,85653,0.0
304,2774,0.0
305,84565,45065622376.0
306,72811,0.0
307,32031,29527775494802.0
308,53062,2056988636229.0
309,58228,438840684872.0
310,86367,384037343492.0
311,29788,0.0
312,14534,0.0
313,2791,58697053214.0
314,89873,20021283516.0
315,100210,0.0
316,21283,0.0
317,20658,231070624384.0
318,8166,1501974981221.0
319,82542,67257904171930.0
320,77872,394196832782.0
321,37474,6712252542.0
322,23476,940447289396.0
323,24426,457121907122.0
324,82745,516204258226.0
325,5478,42707354762.0
326,94753,0.0
327,44635,0.0
328,4481,25387860103587.0
329,47282,1686697788392.0
330,12035,0.0
331,31282,27426574430.0
332,8619,160.0
333,2192,0.0
334,43309,343267345470.0
335,8516,20363898386.0
336,28274,468455124584.0
337,100050,0.0
338,93890,832858522348.0
339,25769,0.0
340,4032,0.0
341,28234,661449407488.0
342,75568,1193749671406.0
343,90900,0.0
344,102682,0.0
345,94350,306413523204.0
346,28237,3392952102504.0
347,24393,1370271864218.0
348,71952,0.0
349,10604,0.0
350,13655,229142438190.0
351,71190,0.0
352,91055,0.0
353,75516,10665834307072.0
354,79588,100331169224.0
355,50761,18321218.0
356,66582,4753613950.0
357,106657,0.0
358,81542,1191672116306.0
359,90862,0.0
360,89612,1319001974.0
361,102042,0.0
362,105080,0.0
363,67051,6999962813897.0
364,51895,3668033967787.0
365,55853,5333511312670.0
366,73854,67055917096.0
367,28814,0.0
368,8751,0.0
369,50955,164126343050.0
370,74109,0.0
371,93382,0.0
372,31959,0.0
373,63477,23663972914.0
374,73068,12410540225887.0
375,9725,3103862729990.0
376,59506,18564964994.0
377,9001,0.0
378,6932,39407576167.0
379,58926,15600154.0
380,27634,5263229829.0
381,66665,5880128116.0
382,75207,781947584.0
383,91114,0.0
384,9399,91510390760.0
385,71075,752859563206.0
386,17268,20293479686377.0
387,71099,9713504735672.0
388,62665,0.0
389,85431,4150902657325.0
390,58088,0.0
391,81694,4954103056514.0
392,99918,93605059594.0
393,27872,21203624500.0
394,71096,13745659966.0
395,94446,23304484212.0
396,18481,13012287062.0
397,75824,0.0
398,101792,0.0
399,23732,1839585050.0
400,9625,0.0
401,50205,0.0
402,35138,0.0
403,59789,2770476819016.0
404,98880,44791488490.0
405,57682,1799016340.0
406,80156,48851248123766.0
407,34788,5672000108876.0
408,74479,268511866664.0
409,10161,17824622248.0
410,80321,43236313830863.0
411,22986,744186051396.0
412,41524,1572787388918.0
413,1,2.6037812461751816e+16
414,29820,5991358913512.0
415,9471,28376620367976.0
416,82218,24100641368983.0
417,61072,0.0
418,50333,188906867243.0
419,89153,830085626218.0
420,98152,16060936.0
421,85654,3814979083016.0
422,68801,720129607402.0
423,70165,11066244578349.0
424,18118,142981683.0
425,57247,0.0
426,2138,5059985949022.0
427,104067,0.0
428,36386,254342915900.0
429,98267,52975672319.0
430,99878,0.0
431,37316,7757331315862.0
432,13063,221852635409570.0
433,72800,211549730429.0
434,103471,0.0
435,28212,3299381022.0
436,95480,33076135040.0
437,47828,49152.0
438,22014,3.462151991791846e+16
439,78321,27758128158565.0
440,14355,78859820198.0
441,17399,7227176816058.0
442,86432,3289380151242.0
443,90404,5125959176041.0
444,30131,3633429826018.0
445,3453,0.0
446,9283,15308979566422.0
447,50719,411016492864.0
448,95110,1364752520816.0
449,102863,0.0
450,93032,3739115203911.0
451,98328,0.0
452,7616,698138325374.0
453,101665,0.0
454,42553,48419243724.0
455,10948,416786448.0
456,17241,85039448.0
457,93106,17116682468.0
458,97746,1603228116.0
459,5082,0.0
460,41277,2135713910132.0
461,98272,16582437894334.0
462,59442,8135339396496.0
463,41398,44482293628.0
464,12780,2390989617575.0
465,7500,191540835148.0
466,80256,0.0
467,105099,0.0
468,80368,130393418828.0
469,24576,455120285539.0
470,51171,0.0
471,94664,510314788476.0
472,106829,0.0
473,58653,0.0
474,57856,0.0
475,15151,0.0
476,18401,0.0
477,85801,0.0
478,82008,0.0
479,89872,0.0
480,104946,0.0
481,48328,327467961384.0
482,17058,0.0
483,13314,6103220960.0
484,16745,0.0
485,71150,4276425732445.0
486,79777,0.0
487,59297,0.0
488,34835,0.0
489,33175,19095080810.0
490,4570,5705551208.0
491,70556,403914094268.0
492,100866,0.0
493,102004,0.0
494,2481,2025830540.0
495,23914,0.0
496,12850,0.0
497,11512,0.0
498,90150,0.0
499,21251,0.0
500,3,0.0
501,81154,4868269168669.0
502,32589,68194714760.0
503,18982,443058395540.0
504,50008,0.0
505,16507,60264172.0
506,25128,0.0
507,51015,0.0
508,71149,0.0
509,23401,920994925194.0
510,95077,1741786573.0
511,86142,44498261440.0
512,88973,393714.0
513,99585,9456556260.0
514,45379,423075184.0
515,55620,34101520234947.0
516,55446,2304281938816.0
517,27518,0.0
518,23262,91858354879.0
519,99288,788825152.0
520,29235,805306460.0
521,50376,0.0
522,78720,0.0
523,83687,0.0
524,52008,0.0
525,13456,0.0
526,106619,0.0
527,1144,0.0
528,81874,2716963539570.0
529,49627,7511805948.0
530,13633,0.0
531,36363,80950847324.0
532,77891,676594596.0
533,104337,19637825594.0
534,63402,712666375496.0
535,14793,142741751248.0
536,37688,1605087418456.0
537,27596,44987843128.0
538,35415,0.0
539,16552,0.0
540,101717,0.0
541,69871,0.0
542,7009,0.0
543,93356,9196796.0
544,51703,0.0
545,70409,800090628.0
546,54590,2405213946404.0
547,14799,3293033470688.0
548,9414,18333162314.0
549,7411,4035500356.0
550,49069,3088710945262.0
551,24439,6348467162162.0
552,101292,0.0
553,102884,449198749736.0
554,21535,6824964956.0
555,90155,0.0
556,37505,0.0
557,27910,0.0
558,78314,0.0
559,103858,0.0
560,93872,0.0
561,12650,164515121756604.0
562,81554,0.0
563,10579,27268304144.0
564,43874,0.0
565,47348,0.0
566,70667,0.0
567,94033,0.0
568,95982,893478050064.0
569,68716,11793074851321.0
570,35206,266216674132.0
571,102441,163112384.0
572,15419,9299769534994.0
573,58490,194840616784.0
574,101615,0.0
575,105544,0.0
576,98813,3177221732.0
577,93841,3122661824.0
578,78253,0.0
579,90376,1615289072570.0
580,98739,0.0
581,2177,9210432197422.0
582,35452,0.0
583,88686,0.0
584,104068,0.0
585,34086,17902874612.0
586,78176,0.0
587,57236,10859493070716.0
588,30824,0.0
589,103465,0.0
590,39402,0.0
591,12296,10699303636597.0
592,12134,0.0
593,11659,0.0
594,97870,0.0
595,63219,702932170236.0
596,71463,8325327632604.0
597,74470,13894926185541.0
598,12531,110650046172.0
599,11045,1025666086.0
600,30058,827849896.0
601,93673,44104151494.0
602,31490,1684559480090.0
603,8359,0.0
604,77898,9449001998.0
605,43954,0.0
606,49725,9724990100624.0
607,80364,4631251848577.0
608,8440,3530152554.0
609,79409,63052516738.0
610,23306,3456580208.0
611,4839,799641071346.0
612,43876,1866002933573.0
613,71482,0.0
614,82541,320000.0
615,101785,0.0
616,24232,0.0
617,34575,20962829771425.0
618,52020,4625719678154.0
619,9481,32542468454.0
620,24944,32222984557635.0
621,14225,0.0
622,14143,0.0
623,97748,0.0
624,55166,626553622.0
625,30274,0.0
626,34955,0.0
627,68503,0.0
628,72023,38310718916.0
629,35433,214353814856.0
630,31082,1245565579806.0
631,88688,0.0
632,102607,0.0
633,27557,0.0
634,40387,0.0
635,8273,0.0
636,32197,122627713707618.0
637,11792,8762029552385.0
638,23836,22077639190266.0
639,72964,28861166140.0
640,100127,0.0
641,28096,3476378963812.0
642,63115,8752810788167.0
643,80854,3840227980.0
644,39578,0.0
645,38649,0.0
646,83667,176825294521.0
647,71022,1630905071132.0
648,50013,0.0
649,105564,0.0
650,44355,69371496.0
651,103843,0.0
652,24850,0.0
653,22095,0.0
654,8563,0.0
655,82340,1376469458518.0
656,93014,2870270906.0
657,103008,0.0
658,69939,0.0
659,95385,0.0
660,38513,1179542249742.0
661,88708,518414934.0
662,14038,248609565542.0
663,80494,296567290.0
664,38617,4072321464724.0
665,31567,0.0
666,57170,1473634.0
667,8912,8033842241838.0
668,9655,456366474324.0
669,18052,13548715913428.0
670,57880,13744477317971.0
671,74794,69877252210.0
672,28595,0.0
673,56671,0.0
674,74914,31917924936.0
675,57781,238695760284.0
676,1856,47662123592.0
677,78938,802249139428.0
678,96640,206535939698.0
679,50698,1116992667669.0
680,41951,0.0
681,102392,768417352.0
682,13624,22595962.0
683,35964,0.0
684,54845,0.0
685,28677,72703300122.0
686,9327,0.0
687,35059,0.0
688,61765,21371900606844.0
689,60058,2420198784838.0
690,79860,15146090977111.0
691,54649,0.0
692,81144,0.0
693,103031,3.405944249338091e+16
694,9596,71498390062.0
695,47865,22350844676.0
696,81861,162494522760.0
697,97840,2039122304440.0
698,102316,0.0
699,57622,1527881791122.0
700,101823,0.0
701,83400,8495983592.0
702,80058,0.0
703,32627,6668421106368.0
704,60856,2525726204.0
705,68621,1086255145121.0
706,28489,11478842618.0
707,25097,157038209406.0
708,34806,0.0
709,51826,303867654.0
710,101189,0.0
711,56107,0.0
712,16187,0.0
713,42009,18045088286.0
714,94439,0.0
715,24941,131237598971029.0
716,37238,0.0
717,13714,0.0
718,29556,33199839293101.0
719,102881,356670592332.0
720,74299,0.0
721,32761,2345336493494.0
722,83509,0.0
723,74445,0.0
724,31137,0.0
725,21773,0.0
726,71734,1212610442640.0
727,38346,7292317732864.0
728,35378,23628392153824.0
729,21117,77683968672.0
730,77890,0.0
731,7291,8886933555482.0
732,92854,0.0
733,80026,119577966062.0
734,72717,2474355899398.0
735,10330,3865836008.0
736,6414,13454119804.0
737,101600,416335666688.0
738,5896,0.0
739,91477,3346351001747.0
740,37340,0.0
741,13478,0.0
742,101668,952616.0
743,3943,243495008.0
744,39293,0.0
745,81022,1154234960911.0
746,60888,10469156204586.0
747,56359,142528170901391.0
748,57748,57615470514435.0
749,38616,0.0
750,91879,329194206180.0
751,59453,939306662038.0
752,9576,8643442860552.0
753,100334,563338857952.0
754,77525,158309752539.0
755,39953,0.0
756,58541,0.0
757,12147,82490983518538.0
758,28895,11251678124.0
759,35289,0.0
760,11875,3239638247419.0
761,2346,37801351707225.0
762,27524,4943837059038.0
763,99634,757453775594.0
764,49660,0.0
765,32224,60754622680.0
766,60131,5701232423515.0
767,72946,2643857561276.0
768,72293,299947083464.0
769,92343,0.0
770,42186,185224323491.0
771,71996,3119319032.0
772,7693,5770.0
773,83629,60789223116.0
774,93275,0.0
775,96343,0.0
776,73920,22530469690.0
777,49296,0.0
778,28007,0.0
779,2524,0.0
780,24332,149077513269.0
781,24817,801895058544.0
782,29992,0.0
783,93125,51340507850.0
784,94239,168891878780.0
785,96465,188416.0
786,22046,0.0
787,105075,0.0
788,43961,0.0
789,49959,0.0
790,2278,1214735833178.0
791,8996,27866209852.0
792,42574,0.0
793,95446,0.0
794,81124,1123246682954.0
795,51667,6783326173547.0
796,101997,1435050643160.0
797,56581,10063731911980.0
798,95420,0.0
799,89488,0.0
800,57970,25377298024108.0
801,95758,0.0
802,49612,1537582769200.0
803,50244,1524545561116.0
804,72027,2676659364018.0
805,70434,74541994802.0
806,49999,50599757810.0
807,16395,0.0
808,78437,0.0
809,80295,326744005770.0
810,103252,0.0
811,57219,42573566494.0
812,11191,0.0
813,88974,614528294436.0
814,58197,4626346989555.0
815,9066,7786084239261.0
816,103092,68718236601.0
817,103371,0.0
818,88874,0.0
819,38433,109167943104.0
820,86309,0.0
821,30798,0.0
822,55399,0.0
823,74000,21696392.0
824,49573,0.0
825,39587,113934020076.0
826,90448,0.0
827,72060,387407678082.0
828,71074,456449051838.0
829,56794,0.0
830,9668,0.0
831,104285,0.0
832,54608,78782292203.0
833,42535,380143178.0
834,70998,24442730083766.0
835,55246,22721092723.0
836,48641,6265681283.0
837,6314,10083632019758.0
838,84368,190292234702.0
839,25240,0.0
840,26017,649380860.0
841,56216,624215216650.0
842,56115,2230257423408.0
843,14014,0.0
844,81383,0.0
845,32708,62528755034.0
846,78320,0.0
847,97520,7475893808.0
848,103466,0.0
849,25312,70766687794613.0
850,4884,43031695701447.0
851,14494,496477333004.0
852,30059,122077729556.0
853,27791,51690224092.0
854,51799,36093036908.0
855,3471,0.0
856,25318,0.0
857,24976,0.0
858,16062,9337999212.0
859,32076,0.0
860,16566,0.0
861,96767,849962008844.0
862,69023,13407513728837.0
863,2735,23625864372.0
864,40344,0.0
865,90819,219348863974.0
866,66597,11870727867581.0
867,43881,8438742904.0
868,103065,0.0
869,51745,0.0
870,98103,0.0
871,48307,175457013386.0
872,27526,0.0
873,10669,0.0
874,88606,1356172620.0
875,41764,221357013216.0
876,50873,3353451703036.0
877,91044,41926506231.0
878,31685,0.0
879,100724,88981264991228.0
880,8632,2686358398444.0
881,41945,9749626353360.0
882,5137,7696014262074.0
883,50593,2988384531228.0
884,14240,3665916008206.0
885,17231,0.0
886,31336,781622177342.0
887,82353,21006476176.0
888,32030,256454424452.0
889,30070,0.0
890,19275,88257364974.0
891,53057,0.0
892,91955,14737125428.0
893,89630,0.0
894,90271,32126.0
895,31949,60857676832.0
896,105871,0.0
897,35743,6083173276314.0
898,40598,30122351517998.0
899,81541,2229604678382.0
900,91903,26430656866.0
901,32634,4663894822532.0
902,8951,217107571288.0
903,105488,0.0
904,51656,0.0
905,62662,64925017832.0
906,68161,0.0
907,17140,0.0
908,5741,1634037648.0
909,11811,124325521888.0
910,74570,359792048340.0
911,86341,5539402.0
912,93892,13402383294.0
913,82700,10598808.0
914,85567,33582015488.0
915,89752,26478069084.0
916,20824,0.0
917,17431,0.0
918,49321,214145184185.0
919,36367,1204898280.0
920,10451,1466977484061.0
921,103437,10456884920.0
922,53061,0.0
923,94955,0.0
924,17202,0.0
925,12330,295159465157.0
926,88915,18780904218.0
927,31487,17644733758233.0
928,14987,0.0
929,93947,227002747962.0
930,105913,0.0
931,104199,103734478294.0
932,50996,0.0
933,94542,0.0
934,57700,388470752971.0
935,22051,0.0
936,16279,0.0
937,75748,0.0
938,29726,60090810.0
939,14753,0.0
940,68758,66753477300640.0
941,80051,113040361243.0
942,62778,1070755512178.0
943,31901,3195395568724.0
944,17088,0.0
945,61469,26416721491940.0
946,7352,6980160895905.0
947,84526,0.0
948,4274,9335176720506.0
949,9056,25507661957678.0
950,47196,0.0
951,62281,1498455440.0
952,7238,2131422972542.0
953,99016,146157960.0
954,34465,449194712.0
955,12787,0.0
956,105137,0.0
957,82611,6579420214116.0
958,3304,38045144606.0
959,50019,7880495983165.0
960,91611,7335485281581.0
961,80952,20265779726546.0
962,56392,0.0
963,53059,1297514216518.0
964,83925,0.0
965,7618,661488094.0
966,5575,0.0
967,91661,1460140043767.0
968,103479,0.0
969,50033,6305646105314.0
970,37753,2804907715322.0
971,49110,583787694033.0
972,32093,1396765840.0
973,89272,0.0
974,7130,0.0
975,34228,0.0
976,103493,0.0
977,13635,0.0
978,102045,102642556.0
979,38187,24071029810.0
980,57140,26429637995179.0
981,50859,39306646600.0
982,91952,0.0
983,79076,0.0
984,67348,302079948436.0
985,29590,0.0
986,73067,10125628.0
987,11428,0.0
988,99633,322741191768.0
989,32399,56708717998.0
990,99916,0.0
991,104047,4445029348.0
992,98525,176832500.0
993,30289,9645290318.0
994,15167,253082127644.0
995,38569,22853910879044.0
996,21686,1020612517974.0
997,3830,90594937217039.0
998,21649,0.0
999,16216,43593719089.0
1000,38372,26216506004.0
1001,78409,63804952918.0
1002,95096,171370632516.0
1003,23916,0.0
1004,96911,1678461903684.0
1005,95283,41349068632.0
1006,76955,0.0
1007,44275,56.0
1008,46197,18740521332021.0
1009,2547,0.0
1010,49155,893706254870.0
1011,7209,681106637034.0
1012,90148,0.0
1013,99188,0.0
1014,10945,0.0
1015,56757,91657679468.0
1016,59861,0.0
1017,105181,0.0
1018,100613,0.0
1019,58479,7305020052.0
1020,105690,0.0
1021,10464,0.0
1022,91282,1458897030606.0
1023,37798,168795335669.0
1024,54645,733607399664.0
1025,58105,79431106208.0
1026,1385,314177930860.0
1027,74027,0.0
1028,90288,365448461454.0
1029,84927,0.0
1030,7597,87424131794.0
1031,96906,10397126418.0
1032,93997,0.0
1033,2579,6024741923098.0
1034,48207,1956931156962.0
1035,49561,0.0
1036,94002,678940515244.0
1037,1685,0.0
1038,62787,0.0
1039,92581,0.0
1040,14602,0.0
1041,86329,56780016157855.0
1042,58614,2070826852382.0
1043,56683,0.0
1044,20829,0.0
1045,80762,0.0
1046,22426,0.0
1047,82914,84038819207.0
1048,56427,596247257174.0
1049,23688,479208262.0
1050,42110,0.0
1051,51256,0.0
1052,28679,957863618.0
1053,51051,36102723660.0
1054,45140,461365105666.0
1055,93334,0.0
1056,89460,0.0
1057,23988,0.0
1058,48694,301130935912.0
1059,99122,0.0
1060,14504,0.0
1061,13614,0.0
1062,1494,0.0
1063,20744,0.0
1064,19443,229191211934.0
1065,50832,23321455356760.0
1066,70415,351345907914.0
1067,97698,955588.0
1068,36893,4656937726.0
1069,46684,1184500242612.0
1070,70663,0.0
1071,92047,0.0
1072,93529,0.0
1073,19256,0.0
1074,21502,14427554.0
1075,8324,0.0
1076,68502,5332552290550.0
1077,3169,6162930256.0
1078,102656,2033341806550.0
1079,61071,12045524246.0
1080,93404,0.0
1081,75258,0.0
1082,70835,0.0
1083,11667,0.0
1084,89553,220619474954.0
1085,44856,3753762566320.0
1086,70259,1592518023976.0
1087,77877,0.0
1088,51347,0.0
1089,9368,22114388.0
1090,42090,402504185706.0
1091,35920,312985300.0
1092,5627,0.0
1093,9002,23309562498.0
1094,50251,170.0
1095,100340,9721412298.0
1096,50877,0.0
1097,91761,1453976384.0
1098,50564,20599084514864.0
1099,24212,4645761558764.0
1100,70775,179976737302.0
1101,51940,123580450822.0
1102,90846,0.0
1103,11235,3834521746850.0
1104,14394,0.0
1105,75421,0.0
1106,24921,0.0
1107,93494,162530366.0
1108,53111,24801335353776.0
1109,2814,9462696692044.0
1110,15142,748243569228.0
1111,94770,0.0
1112,47862,980371940786.0
1113,77983,220928250.0
1114,8572,10351862266.0
1115,85490,0.0
1116,30993,2025621525623.0
1117,81686,6948845410.0
1118,51425,639305500078.0
1119,58746,1925287666390.0
1120,14027,149061908580.0
1121,92877,0.0
1122,74296,2072185584.0
1123,88624,222671975289.0
1124,27714,0.0
1125,97452,619801776.0
1126,62857,605815294766.0
1127,33877,2177269899456.0
1128,33244,25840964922.0
1129,5393,0.0
1130,20196,535301114362.0
1131,55583,0.0
1132,69815,0.0
1133,49928,22879757326.0
1134,35693,346233131248.0
1135,102658,0.0
1136,103463,0.0
1137,1230,30402325503482.0
1138,59714,8517829193382.0
1139,6470,331913861744.0
1140,13010,154545204252.0
1141,18569,1420795383542.0
1142,74642,29013776800.0
1143,48999,4774706.0
1144,48146,133057339684.0
1145,71681,511893444766.0
1146,5362,36419724228.0
1147,103676,0.0
1148,1607,0.0
1149,5058,0.0
1150,37936,6607737192.0
1151,89859,10021974576809.0
1152,11410,0.0
1153,101693,0.0
1154,34016,600795738.0
1155,92084,0.0
1156,17096,0.0
1157,32146,0.0
1158,37518,11265112552166.0
1159,34659,215282096838.0
1160,23875,10178064744.0
1161,92624,0.0
1162,55436,286600020188.0
1163,91372,1243080080.0
1164,69827,0.0
1165,60069,52866997560856.0
1166,12915,2036576872478.0
1167,5407,2046393560926.0
1168,16557,801393296462.0
1169,78722,0.0
1170,48939,193573297172.0
1171,94625,0.0
1172,38262,46849468174.0
1173,70336,0.0
1174,24211,1104231419146.0
1175,85831,4199076076.0
1176,72091,0.0
1177,9880,6939111924.0
1178,42987,179648581390.0
1179,47670,0.0
1180,102503,0.0
1181,26987,0.0
1182,106474,0.0
1183,55582,0.0
1184,106525,0.0
1185,79635,14242576398.0
1186,5468,70301578778.0
1187,92929,2062.0
1188,95636,0.0
1189,79227,0.0
1190,103661,0.0
1191,18532,0.0
1192,54841,682467500234.0
1193,97294,0.0
1194,22754,0.0
1195,7721,0.0
1196,90599,0.0
1197,78012,12424521360232.0
1198,38175,4353330752536.0
1199,104201,0.0
1200,37572,0.0
1201,58809,35874641144559.0
1202,55679,0.0
1203,94061,0.0
1204,79455,0.0
1205,99877,0.0
1206,83420,0.0
1207,15261,0.0
1208,70669,46353224.0
1209,77810,8192.0
1210,15542,0.0
1211,39115,8899470175077.0
1212,30140,17776083032652.0
1213,31174,0.0
1214,57603,10994208572890.0
1215,84601,1213388447352.0
1216,86332,0.0
1217,51915,11764475148.0
1218,32646,674117752950.0
1219,73222,0.0
1220,52956,86658874214.0
1221,101474,0.0
1222,68813,1.1624461595252512e+16
1223,6918,0.0
1224,42328,758787333819.0
1225,60461,0.0
1226,31686,16063148805.0
1227,93251,1373157758.0
1228,42832,480148594833.0
1229,55080,533636808610.0
1230,90151,42221246.0
1231,97611,0.0
1232,103462,0.0
1233,79211,0.0
1234,8959,4.332010879058947e+16
1235,31764,2967128992035.0
1236,89839,2322089521903.0
1237,93253,0.0
1238,1039,734655716652.0
1239,70666,85972701998.0
1240,9511,0.0
1241,4579,24505924967401.0
1242,31300,62219777130.0
1243,56377,5012801277134.0
1244,80187,0.0
1245,70498,21428580266.0
1246,37419,603247182925.0
1247,80149,0.0
1248,13770,0.0
1249,46689,0.0
1250,91712,5327689934240.0
1251,101666,23233212598.0
1252,98885,134527510796.0
1253,79335,0.0
1254,31593,2825994210563.0
1255,5410,765795925295453.0
1256,11816,224149371228.0
1257,103608,145066486.0
1258,25964,6141386403862.0
1259,10782,0.0
1260,1447,68917076262.0
1261,28563,460053405311.0
1262,88993,137685884427.0
1263,42447,20911590986675.0
1264,82953,271575404912.0
1265,92975,2202720825956.0
1266,6034,4734941702157.0
1267,69094,125693673418.0
1268,97001,4376079050.0
1269,103283,0.0
1270,14907,0.0
1271,3692,12306085574.0
1272,14763,101362861564.0
1273,71738,361639070.0
1274,80397,0.0
1275,81342,0.0
1276,3760,0.0
1277,11118,9302130359056.0
1278,11198,2683332165501.0
1279,69243,3039779620155.0
1280,57458,0.0
1281,57129,15987478.0
1282,80289,0.0
1283,8791,0.0
1284,93770,264232.0
1285,93503,0.0
1286,31059,6645277518883.0
1287,102900,9356460.0
1288,30398,795108.0
1289,69093,424662466092.0
1290,103765,9936025181.0
1291,70872,2524566985566.0
1292,23679,29072344918.0
1293,49072,16088425260.0
1294,12218,0.0
1295,3318,0.0
1296,32011,0.0
1297,2672,1800.0
1298,100662,0.0
1299,72090,7767769815188.0
1300,99956,1612117586703.0
1301,24234,116088339165304.0
1302,38560,20334059774.0
1303,60014,0.0
1304,50259,7843494520717.0
1305,72984,0.0
1306,88620,0.0
1307,6702,0.0
1308,99659,417711192031.0
1309,100095,0.0
1310,23943,1771309547372.0
1311,100006,0.0
1312,32585,15651554348.0
1313,11318,0.0
1314,79432,740051639572.0
1315,104512,0.0
1316,101899,0.0
1317,75783,139745780618.0
1318,4819,13073449440536.0
1319,25491,0.0
1320,91519,0.0
1321,102046,0.0
1322,86353,0.0
1323,89391,11743705346.0
1324,99285,0.0
1325,15741,4012663305092.0
1326,8819,18261627925011.0
1327,25622,1128996129600.0
1328,17553,0.0
1329,23273,245938685447.0
1330,104229,0.0
1331,15032,884900172492.0
1332,2260,517343559850.0
1333,55145,0.0
1334,22527,23138558245298.0
1335,55005,158576444813.0
1336,3267,85983728186.0
1337,43956,314240743582.0
1338,24183,711344747652.0
1339,15847,0.0
1340,88628,0.0
1341,47526,0.0
1342,72117,0.0
1343,51212,414551292559872.0
1344,55634,544955562506.0
1345,97569,30066661711718.0
1346,50826,2013717633579.0
1347,36619,1097774717685.0
1348,92282,0.0
1349,78252,972312320022.0
1350,22224,0.0
1351,43528,355075430232.0
1352,24998,321278519490.0
1353,86136,8079215574.0
1354,16785,0.0
1355,51950,0.0
1356,45727,1900868763308.0
1357,95509,0.0
1358,29587,3763324872537.0
1359,35002,272207474686.0
1360,56808,170.0
1361,70979,450863742327.0
1362,11551,35605521936.0
1363,27774,0.0
1364,24421,26362590239479.0
1365,19041,4306117004646.0
1366,68742,2270197724058.0
1367,25950,36348095042513.0
1368,71583,0.0
1369,9774,9141262198528.0
1370,96808,0.0
1371,58316,1686823675526.0
1372,28304,3778022547404.0
1373,81402,0.0
1374,96491,848454934.0
1375,102315,0.0
1376,23574,0.0
1377,51005,145577357676.0
1378,56300,60888902726.0
1379,57618,0.0
1380,43257,0.0
1381,60436,1387358356594.0
1382,70691,0.0
1383,29924,0.0
1384,36196,1383922497260.0
1385,5475,800707795048.0
1386,21466,36432216.0
1387,55960,1046621499031.0
1388,32151,2291728245758.0
1389,3322,0.0
1390,51962,0.0
1391,80700,0.0
1392,99587,7166162.0
1393,5185,162692328840.0
1394,30743,56854399294679.0
1395,72495,6051576090290.0
1396,66803,1323913730634.0
1397,74444,23463421600.0
1398,89755,0.0
1399,50772,0.0
1400,88975,765745789872.0
1401,88914,0.0
1402,59535,7981146.0
1403,58449,0.0
1404,22720,0.0
1405,3599,0.0
1406,27993,758503286390.0
1407,29062,35790650772363.0
1408,14922,3785477265965.0
1409,3246,476788298402.0
1410,60837,103238739810.0
1411,55372,2342952916956.0
1412,22274,0.0
1413,41259,0.0
1414,93127,807354.0
1415,105563,0.0
1416,103683,0.0
1417,28044,15226793773706.0
1418,96492,192864009246.0
1419,68357,143309505464.0
1420,99283,0.0
1421,5686,264244631600.0
1422,78514,5530410542.0
1423,104555,0.0
1424,106555,0.0
1425,25315,50166704630223.0
1426,16737,254583153350.0
1427,61204,94712660157.0
1428,56559,52439023442.0
1429,32196,7935617622939.0
1430,68199,1220071033916.0
1431,28048,118244276114.0
1432,38990,105237219854.0
1433,21491,13060720884691.0
1434,60269,14318451142.0
1435,84462,1119252909162.0
1436,9472,0.0
1437,83894,0.0
1438,9646,5187438455816.0
1439,49576,0.0
1440,78291,0.0
1441,45138,13935080052.0
1442,105161,81830172566.0
1443,9632,0.0
1444,49685,12532425360353.0
1445,24628,156230265496.0
1446,75786,456460941056.0
1447,83943,52198310449.0
1448,93786,0.0
1449,50904,0.0
1450,23030,5016233856.0
1451,103214,41722362418.0
1452,5340,4189427692023.0
1453,100574,75446012774961.0
1454,22996,0.0
1455,34199,0.0
1456,39129,13602224261875.0
1457,84845,4997588170091.0
1458,54594,23203926608.0
1459,102306,126375122173.0
1460,27747,0.0
1461,10384,363779704.0
1462,92345,6685965760009.0
1463,50739,823681413620.0
1464,106856,0.0
1465,103250,138494884970.0
1466,71810,81489380686.0
1467,105262,0.0
1468,34428,0.0
1469,9520,0.0
1470,102478,0.0
1471,15591,0.0
1472,94395,0.0
1473,58808,39936562088717.0
1474,72524,1731050996136.0
1475,86089,11586550900.0
1476,8854,16143032803040.0
1477,71437,2940923793267.0
1478,50961,98663464755.0
1479,11848,79450556.0
1480,50773,324419070786.0
1481,100703,21435024552.0
1482,20973,4055247883168.0
1483,8873,0.0
1484,96778,0.0
1485,98788,1916505066.0
1486,15250,7900015220460.0
1487,12005,63744156054004.0
1488,10699,0.0
1489,11380,1637747245880.0
1490,56454,35807939629.0
1491,32066,572651882870.0
1492,61049,62378155494.0
1493,13033,1220576034932.0
1494,20111,395211053620.0
1495,81826,413801756142.0
1496,23945,0.0
1497,15932,0.0
1498,68907,37149774153697.0
1499,6270,33782356710.0
1500,27011,21518351576.0
1501,16256,15848160654.0
1502,40342,12246634.0
1503,103977,0.0
1504,11480,19580065299445.0
1505,9542,0.0
1506,37470,1343243391652.0
1507,46782,0.0
1508,20786,0.0
1509,57226,9816834002613.0
1510,12990,0.0
1511,23003,1881261087194.0
1512,47850,41484913094.0
1513,6585,1364150378.0
1514,93660,89323023142.0
1515,83588,408848585601.0
1516,75065,7553995222446.0
1517,2061,1939295340388.0
1518,27735,0.0
1519,59470,2720365695852.0
1520,72565,318055916268.0
1521,22538,0.0
1522,23621,502214302504.0
1523,29042,24829269506.0
1524,43882,5774808951245.0
1525,16686,59960548197971.0
1526,45715,26942960409948.0
1527,8157,6852850761084.0
1528,62078,156348134106.0
1529,56623,0.0
1530,24626,4321244839307.0
1531,56639,0.0
1532,19424,0.0
1533,31393,0.0
1534,101015,0.0
1535,59301,0.0
1536,35923,3613820132478.0
1537,52909,227130168388.0
1538,31488,480696953988.0
1539,23855,733790931408.0
1540,50912,0.0
1541,11565,0.0
1542,35745,0.0
1543,62085,0.0
1544,57283,0.0
1545,19812,4695634111916.0
1546,24885,50138049167794.0
1547,86071,0.0
1548,93845,0.0
1549,21234,0.0
1550,25413,0.0
1551,46924,0.0
1552,51354,273794018978.0
1553,34686,200828416944.0
1554,11521,5111033150883.0
1555,9412,4435939188630.0
1556,12458,5645165621150.0
1557,103489,0.0
1558,101905,75460050647825.0
1559,22508,12435871000.0
1560,101301,464082060013.0
1561,8357,401797711084.0
1562,105056,219903009640.0
1563,23617,0.0
1564,35797,0.0
1565,11087,105371302064.0
1566,24955,0.0
1567,84873,4054439724521.0
1568,72623,6765366735197.0
1569,55932,327602054189.0
1570,13578,751262855804.0
1571,90091,0.0
1572,51853,1657487100465.0
1573,7495,28975876350.0
1574,73265,0.0
1575,99181,0.0
1576,103611,338745552932.0
1577,15109,11218460204.0
1578,50807,123429242104.0
1579,95163,0.0
1580,84449,0.0
1581,14215,0.0
1582,48539,5869169148130.0
1583,14002,0.0
1584,38901,161892120272.0
1585,49572,677565858558.0
1586,69078,41625992462.0
1587,59125,1391202969263.0
1588,2908,14883292530.0
1589,92347,0.0
1590,60892,235905906523.0
1591,92206,0.0
1592,11896,0.0
1593,24566,0.0
1594,95247,2604641416208.0
1595,2280,298672899250.0
1596,100551,0.0
1597,43438,10553704226.0
1598,57697,6873671779708.0
1599,85833,27453936684.0
1600,22793,10492380884318.0
1601,38083,69694316684.0
1602,90371,1951885512144.0
1603,12211,0.0
1604,105094,6685398.0
1605,27697,0.0
1606,92327,1466805240.0
1607,9658,0.0
1608,103669,1061734530.0
1609,73574,370478197822.0
1610,100874,22503300126.0
1611,80927,306787593622.0
1612,27739,0.0
1613,41280,0.0
1614,49677,37637424882.0
1615,60939,90112.0
1616,2126,0.0
1617,47863,0.0
1618,85489,3693003388017.0
1619,80512,576052472649.0
1620,99284,23246647140.0
1621,85264,3598742734668.0
1622,85646,0.0
1623,81538,21747279566.0
1624,16982,0.0
1625,92130,0.0
1626,16581,0.0
1627,51352,3636975932588.0
1628,56358,1560707096490.0
1629,75423,7045750356.0
1630,103820,0.0
1631,30955,187874487808.0
1632,58983,0.0
1633,10372,0.0
1634,28389,0.0
1635,57135,5233410816072.0
1636,69244,291340314483.0
1637,57165,4780611981452.0
1638,35111,7016551250736.0
1639,74561,2082682330.0
1640,35329,6522509553514.0
1641,9421,2775913941558.0
1642,35724,6365661430.0
1643,1472,0.0
1644,12274,0.0
1645,22339,5328252974089.0
1646,88913,0.0
1647,27783,11676529458681.0
1648,84155,447114778032.0
1649,50789,199787277572.0
1650,59012,2567861872.0
1651,79663,25636240504.0
1652,42963,380565389094.0
1653,29989,0.0
1654,18681,19317594168.0
1655,1241,18772464572.0
1656,29605,4687522720.0
1657,97000,0.0
1658,69138,5031340530567.0
1659,34408,273950051752.0
1660,24076,82614747928.0
1661,50193,9320.0
1662,99020,0.0
1663,28550,31093745278935.0
1664,90370,542016693472.0
1665,5858,0.0
1666,32628,12364029392632.0
1667,24317,0.0
1668,22497,1415967200438.0
1669,79150,5360667310822.0
1670,82163,295089789344.0
1671,15578,69761781424.0
1672,9770,0.0
1673,36254,438559088122.0
1674,13585,0.0
1675,59016,188315169384.0
1676,50465,357563762778.0
1677,103857,0.0
1678,85076,13311305374.0
1679,91892,390607546.0
1680,19704,671694757084.0
1681,13535,143393051966.0
1682,84840,61687545083031.0
1683,44561,20194685346.0
1684,77409,0.0
1685,37397,0.0
1686,25435,0.0
1687,11231,0.0
1688,37885,0.0
1689,41672,0.0
1690,31961,0.0
1691,22334,0.0
1692,24849,332127036800.0
1693,105033,0.0
1694,43677,20865941890858.0
1695,70502,2154550603775.0
1696,82359,5693466410.0
1697,75057,0.0
1698,6697,5122348822412.0
1699,83531,88224734772.0
1700,18992,0.0
1701,102442,0.0
1702,100998,0.0
1703,92884,0.0
1704,83589,121970315653.0
1705,43399,995221021469.0
1706,95168,0.0
1707,84548,997529400.0
1708,32388,5474433474410.0
1709,28194,0.0
1710,17329,46141464748.0
1711,100682,2193481342.0
1712,10672,0.0
1713,70406,2993940187952.0
1714,30812,18900799754231.0
1715,43241,91445424676.0
1716,36890,3444639928996.0
1717,59813,0.0
1718,2319,724324898784.0
1719,82703,7077580493127.0
1720,103989,0.0
1721,13536,0.0
1722,5141,0.0
1723,45160,183946971.0
1724,55864,1380544071658.0
1725,30754,0.0
1726,71141,0.0
1727,102224,0.0
1728,30290,248500576.0
1729,13005,0.0
1730,56046,9896140497375.0
1731,82045,27706423181427.0
1732,9490,5129727693505.0
1733,41013,4031041112148.0
1734,50124,61969435236.0
1735,13771,1058389075938.0
1736,2,114082454202701.0
1737,55663,26021714498.0
1738,15899,1202741201692.0
1739,81604,23224323982.0
1740,9104,0.0
1741,15148,14261114142655.0
1742,81657,143536856686.0
1743,59705,199249479092.0
1744,19955,2646895918746.0
1745,25489,299158844048.0
1746,6502,0.0
1747,30488,0.0
1748,62138,0.0
1749,83403,0.0
1750,95272,79971608956.0
1751,103609,0.0
1752,81552,116207173250.0
1753,57424,10182013968.0
1754,63196,163061100.0
1755,56545,56730383422.0
1756,7577,20396748719630.0
1757,63159,101729710184.0
1758,44855,395522143300.0
1759,42240,404884547400.0
1760,71682,30810203438.0
1761,91883,0.0
1762,45559,0.0
1763,27130,0.0
1764,43519,0.0
1765,50529,1265331245539.0
1766,62924,7971854572.0
1767,38939,79972059692.0
1768,45001,11735702515386.0
1769,59610,0.0
1770,3321,0.0
1771,104334,0.0
1772,51446,42946000182.0
1773,31141,4115687832788.0
1774,92626,0.0
1775,36657,78078120060.0
1776,48535,1485355032520.0
1777,79799,1309980572.0
1778,51382,0.0
1779,22655,6131906340.0
1780,11555,0.0
1781,38324,176511990284.0
1782,40651,13836831080155.0
1783,31297,6064384512465.0
1784,24117,2015658491134.0
1785,80912,0.0
1786,104438,0.0
1787,90394,6133541612.0
1788,103654,0.0
1789,103635,0.0
1790,86334,1434804091011.0
1791,99,0.0
1792,31097,231783733388.0
1793,90089,26883165912.0
1794,29594,4104730828455.0
1795,24691,0.0
1796,23636,0.0
1797,56682,14143886600.0
1798,74536,0.0
1799,56945,0.0
1800,31183,0.0
1801,106468,0.0
1802,56860,373592509062.0
1803,9773,459286603708.0
1804,34822,15397756048.0
1805,90902,604377372680.0
1806,51268,4134726213668.0
1807,74476,0.0
1808,55961,658840709837.0
1809,99879,594415798350.0
1810,56908,2994689676.0
1811,19003,0.0
1812,24172,1490830139252.0
1813,24154,1794867611961.0
1814,71964,16562153557690.0
1815,77410,826488663832.0
1816,59141,5137581527.0
1817,86134,337910205456.0
1818,104585,0.0
1819,28182,13557137682744.0
1820,28880,4474905633766.0
1821,18034,6688383415206.0
1822,16019,8398987294654.0
1823,5882,523429486508.0
1824,9496,11028163009244.0
1825,80798,0.0
1826,35360,592380741110.0
1827,16858,0.0
1828,5514,0.0
1829,101828,15967820.0
1830,103584,187170942.0
1831,62514,0.0
1832,28353,0.0
1833,7592,11872811158002.0
1834,50813,4526850488466.0
1835,10120,0.0
1836,91930,622358681216.0
1837,100391,0.0
1838,13178,0.0
1839,12855,2614317485344.0
1840,80585,0.0
1841,77787,1712918080.0
1842,31503,0.0
1843,103477,0.0
1844,42938,593350581110.0
1845,22543,1186949405353.0
1846,14409,5506112780.0
1847,21463,451402937370.0
1848,25439,0.0
1849,12522,639338831476.0
1850,22271,849681992.0
1851,6546,0.0
1852,34146,0.0
1853,19018,0.0
1854,90796,3805472921774.0
1855,89945,13163723238.0
1856,38463,14678931898.0
1857,51111,293177215378.0
1858,97472,0.0
1859,93524,0.0
1860,88868,0.0
1861,5019,0.0
1862,45059,49124291040731.0
1863,35160,25020586502344.0
1864,81649,5770561843509.0
1865,66630,16071368757372.0
1866,90662,0.0
1867,68676,56265597188.0
1868,71467,340.0
1869,83996,1197412046.0
1870,104046,314014353744.0
1871,95016,0.0
1872,79881,0.0
1873,89549,0.0
1874,30124,0.0
1875,100091,0.0
1876,94543,652063878.0
1877,103455,0.0
1878,78911,216096979111.0
1879,30997,738018907583.0
1880,25369,87558828432.0
1881,28016,311120924504.0
1882,33363,2763377398901.0
1883,16529,228607664306.0
1884,82815,493192731712.0
1885,75456,54427752342491.0
1886,12754,0.0
1887,83616,73405724456.0
1888,102865,0.0
1889,3980,693437825100.0
1890,83305,67502350040.0
1891,37677,4877001314.0
1892,89339,3087576.0
1893,14679,0.0
1894,50769,1565485683026.0
1895,7507,0.0
1896,99442,0.0
1897,57517,514626368500.0
1898,0,33451018358948.0
1899,13192,0.0
1900,58723,0.0
1901,75312,0.0
1902,79093,0.0
1903,70670,47135426421539.0
1904,101898,4251544622.0
1905,12451,9274147391939.0
1906,4330,289585872276.0
1907,12177,306880040052.0
1908,83530,1509603337328.0
1909,69720,0.0
1910,92949,0.0
1911,92490,294128985510.0
1912,42351,4396509717854.0
1913,37568,0.0
1914,57591,0.0
1915,89555,0.0
1916,24081,0.0
1917,62663,18418164638.0
1918,78668,0.0
1919,84524,0.0
1920,28620,33050751135376.0
1921,25016,67129561884744.0
1922,94817,218625765534.0
1923,47991,0.0
1924,83811,0.0
1925,101476,0.0
1926,103680,0.0
1927,56162,0.0
1928,83668,0.0
1929,12250,122584743320.0
1930,72121,6200394520578.0
1931,50449,1821221828012.0
1932,95741,0.0
1933,10488,1003280288.0
1934,93324,374694875828.0
1935,103367,14329209748.0
1936,49156,0.0
1937,81873,0.0
1938,34073,617253496.0
1939,75608,15929773388826.0
1940,94585,4680844396.0
1941,92127,0.0
1942,100503,0.0
1943,94957,376031808206.0
1944,82044,137429190838.0
1945,30182,0.0
1946,51499,0.0
1947,61409,11628310292.0
1948,50080,1257965128976.0
1949,73699,0.0
1950,40737,0.0
1951,23631,0.0
1952,84201,0.0
1953,32161,5048951633266.0
1954,103088,0.0
1955,92499,3552183813280.0
1956,95444,0.0
1957,60811,279997762052.0
1958,83406,289163983734.0
1959,17127,0.0
1960,104085,818476.0
1961,23419,5388.0
1962,3381,0.0
1963,47281,1874085403441.0
1964,2454,0.0
1965,8838,1106814520.0
1966,99913,0.0
1967,81429,1684541.0
1968,12141,964403737684.0
1969,99286,6992738708.0
1970,33803,10662956058.0
1971,63325,423290426028.0
1972,100184,0.0
1973,28131,370828606.0
1974,27788,0.0
1975,89857,0.0
1976,103659,0.0
