,ruid,sum(rb)
0,97564,41047775308382.0
1,85100,7466374288784.0
2,17389,202387578942.0
3,57178,20722977466158.0
4,35947,9833319212.0
5,101475,31734192920.0
6,9900,122472899.0
7,48711,16686411744851.0
8,69743,7916195167352.0
9,97705,112766027063824.0
10,40021,16013317451138.0
11,70830,29332890412.0
12,61867,201724197244.0
13,37480,3855764699787.0
14,22412,9154.0
15,11280,10117605085.0
16,78709,19998032006490.0
17,34531,91995068231143.0
18,68879,6322059921560.0
19,1352,43058090124.0
20,97094,27075466743.0
21,38615,41327673447.0
22,12393,711392348.0
23,72912,257033000407.0
24,14997,59844615304.0
25,69828,19964077910172.0
26,42754,37891979664478.0
27,23367,3006066562.0
28,47671,713317000.0
29,44505,123416317.0
30,14770,71791017015365.0
31,35331,19217496143421.0
32,9647,309838996965149.0
33,51156,1592733573924.0
34,76092,19196300777915.0
35,35593,70624066202.0
36,19149,112971905628.0
37,88890,13865763944.0
38,95934,4841695176526.0
39,12607,20235910185.0
40,102286,50319378972.0
41,92428,17867069820.0
42,97832,213146257889932.0
43,48997,19536180473558.0
44,43675,3690543384100.0
45,82922,51969959913130.0
46,88684,20884704777259.0
47,16295,2372290835857.0
48,24482,428903694953.0
49,32253,1804114647987.0
50,14124,17900704642.0
51,103663,4719257685148.0
52,91652,7877968546.0
53,21603,47479986572.0
54,21303,0.0
55,7584,9472151892.0
56,101678,1679486182.0
57,105371,18321502153.0
58,57058,18882428714670.0
59,59448,7933666281188.0
60,82907,90680025487.0
61,40131,63628516513757.0
62,90393,1748313042311.0
63,9475,10023049096373.0
64,19335,46734340.0
65,32644,48364826989228.0
66,50617,310547919960047.0
67,94306,20450590635906.0
68,51959,730878271727.0
69,94901,3303574530971.0
70,47682,42666233579522.0
71,46433,458636362018867.0
72,29340,39471576207.0
73,96770,104368536823400.0
74,13214,4533071135678.0
75,18107,2510583302490.0
76,36946,34153564.0
77,17067,6994837423978.0
78,86505,480257914966.0
79,73106,21222925151914.0
80,101667,54942562.0
81,5235,2360431052.0
82,7202,17315154357251.0
83,37858,681549120916558.0
84,90267,24989864500.0
85,49345,50696834665660.0
86,70906,953570400568893.0
87,44111,8041572070338.0
88,85623,2163318242.0
89,10162,12913383349.0
90,98736,1092558772675.0
91,12182,29911334638.0
92,105076,4461040255.0
93,36282,1522925707.0
94,30345,108839108.0
95,77408,2885670946.0
96,91452,21105527536629.0
97,48789,368298240491.0
98,38991,636241079998559.0
99,80884,3915567206376.0
100,74714,991657327597.0
101,73880,456101010295.0
102,8429,343116283144.0
103,67569,11334603065.0
104,90552,140065742086.0
105,12494,0.0
106,98479,79440681.0
107,69708,78998440416131.0
108,92083,244962779159152.0
109,63294,5476729096579.0
110,10180,474987963880.0
111,66667,91613800.0
112,70687,2778921825231.0
113,78829,6682337160671.0
114,56351,41189682900562.0
115,86084,2417906061691.0
116,36898,13072123284.0
117,29323,15642339835824.0
118,63501,19918055148061.0
119,89632,16970652486680.0
120,84629,24471536622896.0
121,17147,52864591666949.0
122,90709,4449847884379.0
123,10580,63181439055951.0
124,35145,28472751748645.0
125,84631,111730448065509.0
126,23464,4282976003056.0
127,51233,10575745357267.0
128,31365,90444068464515.0
129,90272,20655877501.0
130,103660,292804769054.0
131,100858,37316114076.0
132,91545,129779750095.0
133,93090,243210610536.0
134,97299,294382822523.0
135,12117,6288565438612.0
136,13052,252767278099.0
137,23604,3850039928.0
138,24816,17741968445.0
139,23667,126123404433.0
140,98996,46908197557.0
141,56583,56229274701.0
142,88991,8454690795.0
143,32425,76719682573020.0
144,29426,38679717175257.0
145,1574,8463566518598.0
146,92961,1469411512558.0
147,29575,354718970884.0
148,69636,10150046274242.0
149,82766,1626201826850.0
150,94404,14780485190397.0
151,83402,11257366395.0
152,32636,51800458.0
153,12868,187736607.0
154,59003,1573673941.0
155,34009,1047271090.0
156,94405,32768.0
157,51727,3350141646490564.0
158,78912,57823911390.0
159,41196,7583418722238.0
160,23605,5690969182813.0
161,28997,485316134768372.0
162,24174,1135115027613.0
163,96777,1667168075850.0
164,100496,75259296628280.0
165,72531,67612274262575.0
166,32518,460789370118502.0
167,96956,1267734873843.0
168,97229,417283512392.0
169,74916,18459598785604.0
170,83669,100840084710208.0
171,24085,25578139904758.0
172,12329,46880418366869.0
173,101965,1093022842841.0
174,90836,420311668312.0
175,103472,1218252067736.0
176,92842,451505584211.0
177,81839,172473257.0
178,95116,5394432.0
179,12662,135945772047.0
180,15083,2271255791475868.0
181,42642,79701421408822.0
182,31220,7079910803656.0
183,14096,1480499052375.0
184,43222,537931633267.0
185,91577,4911383578959.0
186,48721,851699885624.0
187,102366,79671121552.0
188,90372,55960349.0
189,51751,17030305197659.0
190,34970,362516652694743.0
191,57600,142628874681907.0
192,57855,15638865908.0
193,25256,348092612683.0
194,56390,30099100538231.0
195,43052,4368487433068.0
196,15454,51250073726.0
197,91588,2092176348603.0
198,94003,20241179687.0
199,3528,2040388882591.0
200,33018,176658757109.0
201,104803,1910157244.0
202,3123,10249467713.0
203,38748,74284424730047.0
204,77555,170363636303094.0
205,37811,26861710442422.0
206,12148,19948694853194.0
207,86279,16281649257088.0
208,57865,717477803140.0
209,82349,1472761308.0
210,21288,65520681855.0
211,101382,3648507386170627.0
212,38274,145744452290041.0
213,32189,55580722565644.0
214,71684,8836113782313.0
215,42068,16368119800137.0
216,42932,6104821725371.0
217,86707,169024138359.0
218,46735,5881274631732.0
219,75595,6729869238118.0
220,75640,172054647123.0
221,79775,1363768995530.0
222,24900,7517566459.0
223,15974,39266.0
224,23596,14938191855599.0
225,56869,141469193173761.0
226,56373,46054988417955.0
227,70743,5314985248092.0
228,73805,2384334458807.0
229,13125,503014632740.0
230,47972,4675595494650.0
231,31095,5659935680860.0
232,59590,0.0
233,96789,60433547814.0
234,72845,103880459.0
235,28100,60811024.0
236,61206,34502115568445.0
237,49624,324747749863762.0
238,7583,263586977607281.0
239,40417,52413222130663.0
240,72624,16276153123679.0
241,51655,7488973203798.0
242,79337,963623340431.0
243,32535,2521254344759.0
244,57692,1760262653939.0
245,29609,431933651.0
246,99567,3797997.0
247,80801,138198992973.0
248,62818,125526438452902.0
249,38566,18027294747771.0
250,12000,3807438895521.0
251,33777,3218992636777.0
252,37033,448999362201.0
253,68220,111640206576.0
254,11608,1448097259842.0
255,86099,1266915824277.0
256,22461,3825982616.0
257,14824,26913025.0
258,29673,17011264943358.0
259,31423,2655934806578.0
260,69790,892125626647276.0
261,38430,34432729660645.0
262,31798,82295757995774.0
263,52016,16925263052899.0
264,55959,6636589384629.0
265,24376,14454017942018.0
266,12744,398151983.0
267,26986,3874922242356.0
268,96649,53049020863796.0
269,24724,680218308213375.0
270,30261,33379492251375.0
271,41713,35573572747358.0
272,9193,352574510093378.0
273,24943,1509373758140.0
274,94443,250206683369.0
275,103445,12514950317.0
276,34831,812901778230.0
277,103482,1058829965072.0
278,15742,10564747725635.0
279,30339,207519672.0
280,7026,0.0
281,103233,42601847.0
282,19016,83313333302445.0
283,39877,559463925985.0
284,32299,4708157251.0
285,85620,37922068484773.0
286,36408,75187864212087.0
287,11906,50324624394245.0
288,37579,15447266041982.0
289,40418,3481119132234.0
290,94899,18984860306945.0
291,47854,767280366467.0
292,91056,3712714365158.0
293,58006,210154545871.0
294,23310,1999673598.0
295,55720,26337824368448.0
296,72490,4640024557128.0
297,9341,65515598.0
298,80271,3996004533698.0
299,54650,2043396741032.0
300,2042,54027389984.0
301,95477,477997736382.0
302,79057,70136457016001.0
303,85653,3670032950.0
304,2774,19115802245.0
305,84565,1294784775199.0
306,72811,268435456.0
307,32031,25866443698546.0
308,53062,2002848569882.0
309,58228,4188233626.0
310,86367,45249478447040.0
311,29788,114949289779.0
312,14534,92601226849.0
313,2791,32046062367.0
314,89873,203734408757.0
315,100210,23147804546.0
316,21283,2766004962.0
317,20658,1323185744168.0
318,8166,24625081982077.0
319,82542,125283496454748.0
320,77872,18658847696473.0
321,37474,3852511337441.0
322,23476,1726309496627.0
323,24426,7270962855468.0
324,82745,5517030886300.0
325,5478,2204139920971.0
326,94753,336009533478.0
327,44635,8663652785.0
328,4481,4956882017443.0
329,47282,29881580058258.0
330,12035,332643370738.0
331,31282,13886035086234.0
332,8619,80.0
333,2192,5475922360.0
334,43309,966015667569.0
335,8516,25940451907.0
336,28274,915284509136.0
337,100050,7394296288.0
338,93890,6408883696895.0
339,25769,120305410255.0
340,4032,703525837.0
341,28234,4037086342369.0
342,75568,6542159589660.0
343,90900,80791296692496.0
344,102682,1898599075265.0
345,94350,3489829760721.0
346,28237,11164036031574.0
347,24393,8105096094511.0
348,71952,606800335217.0
349,10604,99925321.0
350,13655,4167998008812.0
351,71190,98297927280858.0
352,91055,50018421140377.0
353,75516,116743687552879.0
354,79588,322642819659.0
355,50761,4317643181729.0
356,66582,5124182472101.0
357,106657,1657832512180.0
358,81542,9162665268732.0
359,90862,31105074102.0
360,89612,75437491650.0
361,102042,49063069549665.0
362,105080,6198980474485.0
363,67051,92008228380399.0
364,51895,63690936371934.0
365,55853,317731255018409.0
366,73854,23469388893726.0
367,28814,302616870079.0
368,8751,54531757519.0
369,50955,224754060364.0
370,74109,550877436.0
371,93382,155953449.0
372,31959,12798654.0
373,63477,6487649614120.0
374,73068,13837239775730.0
375,9725,75995858252631.0
376,59506,154357395564.0
377,9001,396900181223447.0
378,6932,49718991436535.0
379,58926,52893796504.0
380,27634,2576615267.0
381,66665,2940064058.0
382,75207,187809257.0
383,91114,382904000833.0
384,9399,5186285749888.0
385,71075,162327128312257.0
386,17268,65570005164773.0
387,71099,26527934998132.0
388,62665,6038305810.0
389,85431,62697761499445.0
390,58088,40007581487.0
391,81694,16961654504312.0
392,99918,4090824881284.0
393,27872,93413060064.0
394,71096,6935218357.0
395,94446,571619014.0
396,18481,0.0
397,75824,2602380659.0
398,101792,7765073856503.0
399,23732,919792525.0
400,9625,3813324584.0
401,50205,3118465024.0
402,35138,9419242.0
403,59789,41565539862109.0
404,98880,970315817851.0
405,57682,11838453822167.0
406,80156,98035007297424.0
407,34788,101458877312299.0
408,74479,10073016922974.0
409,10161,876641787.0
410,80321,16432409876652.0
411,22986,569393147107.0
412,41524,8512992658510.0
413,1,2.605759467850764e+16
414,29820,17492169414627.0
415,9471,159952382763226.0
416,82218,205080102924956.0
417,61072,27432967349.0
418,50333,103918818679746.0
419,89153,38629762568950.0
420,98152,2950120807238.0
421,85654,5014628200763.0
422,68801,10667803913342.0
423,70165,32639991747559.0
424,18118,703444365.0
425,57247,3516828301044.0
426,2138,120953281781599.0
427,104067,42716017070.0
428,36386,452006213774234.0
429,98267,47427513996409.0
430,99878,14876687848.0
431,37316,63366573735585.0
432,13063,4054311774140920.0
433,72800,2550453495498.0
434,103471,3920046290.0
435,28212,273306292050.0
436,95480,32139990548.0
437,47828,70272.0
438,22014,7493949714297776.0
439,78321,41159068047391.0
440,14355,78960883416924.0
441,17399,37654239557118.0
442,86432,68658085865015.0
443,90404,21158364946345.0
444,30131,8382033411895.0
445,3453,589055716329.0
446,9283,9874769832881.0
447,50719,1885605679056.0
448,95110,37767885740198.0
449,102863,430789137.0
450,93032,40698391742668.0
451,98328,12744762622607.0
452,7616,14166056437071.0
453,101665,153426178863.0
454,42553,173758305410.0
455,10948,0.0
456,17241,71205680340.0
457,93106,17250349500.0
458,97746,1769094463.0
459,5082,362629093024174.0
460,41277,29947900226920.0
461,98272,213885939739.0
462,59442,347590130678735.0
463,41398,628827536405.0
464,12780,1814765069403.0
465,7500,2568487510326.0
466,80256,2329784.0
467,105099,988657385.0
468,80368,9844311702260.0
469,24576,216389564875.0
470,51171,32984785167330.0
471,94664,3526648534755.0
472,106829,301967422.0
473,58653,286613074.0
474,57856,735391614.0
475,15151,19774946028034.0
476,18401,59148479478.0
477,85801,1104064052553.0
478,82008,1929827423.0
479,89872,144117160018.0
480,104946,129714332.0
481,48328,514780790878.0
482,17058,588942427.0
483,13314,11840773896539.0
484,16745,186758133931.0
485,71150,48567437504568.0
486,79777,103006381.0
487,59297,454375487081.0
488,34835,1101744843.0
489,33175,29607963531.0
490,4570,23096034910.0
491,70556,9072161770571.0
492,100866,201190655.0
493,102004,830726688024.0
494,2481,3666979792.0
495,23914,7381976786.0
496,12850,73567284212.0
497,11512,180615585696.0
498,90150,1154185718422.0
499,21251,67009290.0
500,3,3821394186.0
501,81154,8248841087819.0
502,32589,2964981355031.0
503,18982,371831131024.0
504,50008,58944353362.0
505,16507,439224053750.0
506,25128,25620879801.0
507,51015,15479689739.0
508,71149,17821493108260.0
509,23401,4921095278397.0
510,95077,5964287871982.0
511,86142,157896879959.0
512,88973,256818376974.0
513,99585,12956430968.0
514,45379,0.0
515,55620,15822633770084.0
516,55446,27067341892485.0
517,27518,2102141661043.0
518,23262,8376853688120.0
519,99288,457598159417.0
520,29235,19.0
521,50376,1616500395.0
522,78720,514522642.0
523,83687,522606492.0
524,52008,16298377838.0
525,13456,4853222.0
526,106619,2478275.0
527,1144,247772745373058.0
528,81874,75139757230973.0
529,49627,1718169366204.0
530,13633,7405488055.0
531,36363,46128417681131.0
532,77891,12120496384923.0
533,104337,9563479012.0
534,63402,36856582858021.0
535,14793,13399944292782.0
536,37688,3408336702004.0
537,27596,4897180118788.0
538,35415,11543473838.0
539,16552,49087059504.0
540,101717,242763976120.0
541,69871,26094422111.0
542,7009,15330303719.0
543,93356,2519310069.0
544,51703,6847739105.0
545,70409,63629300743914.0
546,54590,9999162364647.0
547,14799,1023076211033026.0
548,9414,14008364146666.0
549,7411,67439706589.0
550,49069,38420868641385.0
551,24439,1144423732104593.0
552,101292,392916890748.0
553,102884,42165732649358.0
554,21535,946517493255.0
555,90155,18470220818.0
556,37505,342775889171124.0
557,27910,592862886.0
558,78314,73958498.0
559,103858,76174859091.0
560,93872,286059359.0
561,12650,851185341271199.0
562,81554,3879841161929.0
563,10579,2935729338468.0
564,43874,19690493478141.0
565,47348,268518139024609.0
566,70667,6391438146165.0
567,94033,494793040082.0
568,95982,31719335767463.0
569,68716,70432710081521.0
570,35206,8733971784271.0
571,102441,11461883816018.0
572,15419,1433199135376.0
573,58490,5178867420474.0
574,101615,3947963309.0
575,105544,49246176661.0
576,98813,1588610866.0
577,93841,10479177555.0
578,78253,6468344920218.0
579,90376,268662426690984.0
580,98739,141760527143.0
581,2177,9686992713875.0
582,35452,127717055848.0
583,88686,23489088109.0
584,104068,17738016.0
585,34086,270818691703.0
586,78176,532963342035.0
587,57236,9140675479046.0
588,30824,4692225298.0
589,103465,5282001262001.0
590,39402,57825264401.0
591,12296,268479540.0
592,12134,1821533690.0
593,11659,26169130570.0
594,97870,1327673541.0
595,63219,29413630775722.0
596,71463,3719144841342.0
597,74470,92058147665664.0
598,12531,7934480387563.0
599,11045,800422310036.0
600,30058,3752929930224.0
601,93673,2894267535348.0
602,31490,4921212313505.0
603,8359,204643819512.0
604,77898,18209971310.0
605,43954,13791102910.0
606,49725,39790705119206.0
607,80364,8690746844734.0
608,8440,289306399610.0
609,79409,1572836549503.0
610,23306,3850491042184.0
611,4839,1649036665478.0
612,43876,120875382517791.0
613,71482,8111536802.0
614,82541,8176089848.0
615,101785,11840704088.0
616,24232,3806452.0
617,34575,3852284791337395.0
618,52020,51442125409571.0
619,9481,193390988300703.0
620,24944,204265271986693.0
621,14225,309931518337.0
622,14143,28719628020.0
623,97748,3179235754312.0
624,55166,4000163027597.0
625,30274,1638667166512100.0
626,34955,580528623430764.0
627,68503,4183465557.0
628,72023,19552237935398.0
629,35433,223753386841126.0
630,31082,29771354498318.0
631,88688,549229046902.0
632,102607,7672737549.0
633,27557,935096824.0
634,40387,3441567786.0
635,8273,3219410799807763.0
636,32197,461166631725399.0
637,11792,9984359328480.0
638,23836,30360920835901.0
639,72964,13571494938636.0
640,100127,5484303732.0
641,28096,1378967066709.0
642,63115,7829065313230.0
643,80854,246879358262.0
644,39578,14037122399768.0
645,38649,15861778781.0
646,83667,16177309765979.0
647,71022,9967446491411.0
648,50013,3552141155610.0
649,105564,41150492323.0
650,44355,572581337.0
651,103843,754051116.0
652,24850,7071911856.0
653,22095,5283326.0
654,8563,107034060436823.0
655,82340,32945514679658.0
656,93014,4007807664153.0
657,103008,18730305059002.0
658,69939,48323352739.0
659,95385,103978614.0
660,38513,4097377997613.0
661,88708,259207467.0
662,14038,43521079659062.0
663,80494,102191294691593.0
664,38617,44109841124075.0
665,31567,1267198489542.0
666,57170,78716627674718.0
667,8912,11709947348222.0
668,9655,3027077525726.0
669,18052,121553325826021.0
670,57880,13765842731498.0
671,74794,103626316698.0
672,28595,318907043.0
673,56671,1179648.0
674,74914,188963000793509.0
675,57781,7817191620841.0
676,1856,6289798858794.0
677,78938,249976045613.0
678,96640,529770934973.0
679,50698,40455735792555.0
680,41951,12564033150.0
681,102392,132957624386.0
682,13624,18798669484420.0
683,35964,2831300454.0
684,54845,176399716.0
685,28677,9472705944.0
686,9327,135034835.0
687,35059,5612767499.0
688,61765,81912948853287.0
689,60058,23150720595375.0
690,79860,82611951333614.0
691,54649,53787928113543.0
692,81144,99736008854.0
693,103031,1.1786002647961122e+16
694,9596,43457253964.0
695,47865,2340680065217.0
696,81861,183275148530.0
697,97840,5138360242229.0
698,102316,5682279286.0
699,57622,762104906352.0
700,101823,578356511702.0
701,83400,4257566099662.0
702,80058,47149056.0
703,32627,18087282991746.0
704,60856,1501525793090.0
705,68621,76083183752943.0
706,28489,1839445579161.0
707,25097,22125239565.0
708,34806,132555595369.0
709,51826,4212193100081.0
710,101189,1117137622.0
711,56107,4851791947045.0
712,16187,37886025480.0
713,42009,5953490005053.0
714,94439,5188738960.0
715,24941,155882147433999.0
716,37238,473437345686653.0
717,13714,35830669186.0
718,29556,10814351914686.0
719,102881,755827161932.0
720,74299,37916271195.0
721,32761,53869543405616.0
722,83509,93389324288.0
723,74445,7011010521.0
724,31137,11091797072.0
725,21773,1105129981714.0
726,71734,2423317807554.0
727,38346,25308515849233.0
728,35378,12528241549746.0
729,21117,323423262915.0
730,77890,5256760901371.0
731,7291,59799962199960.0
732,92854,18454982958.0
733,80026,59298987233.0
734,72717,21178583985189.0
735,10330,7746531468.0
736,6414,22648409064.0
737,101600,1827542601363.0
738,5896,52378343966.0
739,91477,12776227669307.0
740,37340,22754917324.0
741,13478,104519901.0
742,101668,29997946.0
743,3943,18954678784.0
744,39293,5178933738.0
745,81022,49531903225194.0
746,60888,79826141747265.0
747,56359,44852639920666.0
748,57748,63515176205319.0
749,38616,5553823805633.0
750,91879,220355634090.0
751,59453,1658938931418.0
752,9576,53212937.0
753,100334,143199402.0
754,77525,62894729792292.0
755,39953,32768.0
756,58541,1397965158.0
757,12147,113195430258905.0
758,28895,34757458706688.0
759,35289,568797788503769.0
760,11875,3724174158114914.0
761,2346,78306189211242.0
762,27524,79496656173600.0
763,99634,1626793315315.0
764,49660,34379145514.0
765,32224,1373465365654.0
766,60131,38267131933769.0
767,72946,97213304621553.0
768,72293,4247786394667.0
769,92343,1029984058922988.0
770,42186,4962089322896.0
771,71996,11749530995349.0
772,7693,5995837013754.0
773,83629,43660909358.0
774,93275,3018961388.0
775,96343,20429955000.0
776,73920,25269102388.0
777,49296,207527332853.0
778,28007,76120511273832.0
779,2524,16737742733195.0
780,24332,32159759599006.0
781,24817,116094232928354.0
782,29992,11342335931401.0
783,93125,27710564113.0
784,94239,1287588590624.0
785,96465,4445413258.0
786,22046,27058056835494.0
787,105075,166168237018.0
788,43961,2769371284.0
789,49959,94732098.0
790,2278,1982517974646.0
791,8996,1926428289819.0
792,42574,22431408.0
793,95446,495341175.0
794,81124,3968101058749.0
795,51667,22781692970278.0
796,101997,1692285260982.0
797,56581,0.0
798,95420,90210703919.0
799,89488,49101475.0
800,57970,102520232446561.0
801,95758,143379421065.0
802,49612,22668610025774.0
803,50244,52574178946800.0
804,72027,26665962247510.0
805,70434,47626321044.0
806,49999,1414537953831.0
807,16395,1971341406.0
808,78437,214830359.0
809,80295,591406195590.0
810,103252,264317202.0
811,57219,22385596568231.0
812,11191,629071484170359.0
813,88974,15945139757810.0
814,58197,22062904823323.0
815,9066,23564722884322.0
816,103092,28305922238447.0
817,103371,336684943.0
818,88874,4341218451.0
819,38433,1000794433231.0
820,86309,3377331229.0
821,30798,95372897.0
822,55399,5294310182.0
823,74000,48610907841.0
824,49573,920596480.0
825,39587,60118684439958.0
826,90448,25395803373364.0
827,72060,9205582257737.0
828,71074,65604706785639.0
829,56794,1707628852455.0
830,9668,323257177908.0
831,104285,40104369788.0
832,54608,1136101470275.0
833,42535,190071183.0
834,70998,55456657277401.0
835,55246,6418324335867.0
836,48641,3031592572.0
837,6314,5351428928640.0
838,84368,28730002334797.0
839,25240,5255301833725.0
840,26017,18300996282868.0
841,56216,7755869245836.0
842,56115,32505344487683.0
843,14014,6872910042686.0
844,81383,163880202331154.0
845,32708,5600816915895.0
846,78320,500431911.0
847,97520,1499649411967.0
848,103466,2566290233657.0
849,25312,40682059973779.0
850,4884,154122743665123.0
851,14494,8124867309638.0
852,30059,844567459804.0
853,27791,6002470890564.0
854,51799,7823728382.0
855,3471,89812312000.0
856,25318,21946349.0
857,24976,12477565916.0
858,16062,4739424972.0
859,32076,33891515808.0
860,16566,290452.0
861,96767,71850779852806.0
862,69023,11065261232255.0
863,2735,100191905281835.0
864,40344,491347443823.0
865,90819,5067681850763.0
866,66597,112572164499802.0
867,43881,177856648384.0
868,103065,477287314626.0
869,51745,4595043978.0
870,98103,11163908706.0
871,48307,1129478259047.0
872,27526,8011884155715.0
873,10669,134947450509.0
874,88606,2805245673231.0
875,41764,824556053716.0
876,50873,80682714259.0
877,91044,1760059705482.0
878,31685,4279758.0
879,100724,263436608060041.0
880,8632,18277397640039.0
881,41945,107057039191393.0
882,5137,19864247178957.0
883,50593,251874479323.0
884,14240,4663361885340.0
885,17231,213162874676.0
886,31336,6780254667299.0
887,82353,2038228664477.0
888,32030,558222850144.0
889,30070,7206561102463.0
890,19275,97126534456.0
891,53057,19486543.0
892,91955,1065703808079.0
893,89630,2692506915.0
894,90271,50557395160.0
895,31949,225184454906853.0
896,105871,13465203044147.0
897,35743,4142975153016.0
898,40598,60846675281019.0
899,81541,3304883938625.0
900,91903,1952842004576.0
901,32634,37732501865626.0
902,8951,28508889349.0
903,105488,12374255447.0
904,51656,50.0
905,62662,0.0
906,68161,45140403498714.0
907,17140,1337437065557439.0
908,5741,24342753782.0
909,11811,9533840484684.0
910,74570,23978060252064.0
911,86341,298700122759.0
912,93892,160519714321.0
913,82700,5299404.0
914,85567,17049278176.0
915,89752,1895354790.0
916,20824,411273395232.0
917,17431,1676927768778.0
918,49321,20760049881420.0
919,36367,44278749253.0
920,10451,3034455456564.0
921,103437,4977566942.0
922,53061,258282999.0
923,94955,36822244228.0
924,17202,80928033.0
925,12330,128089466831344.0
926,88915,11515617045114.0
927,31487,116190135310215.0
928,14987,125001834382.0
929,93947,20221715268.0
930,105913,739140236.0
931,104199,3365876129570.0
932,50996,493713373592.0
933,94542,6783499536423.0
934,57700,1716120451623.0
935,22051,183567649904.0
936,16279,59359232.0
937,75748,282906288.0
938,29726,9873433296.0
939,14753,13704533215.0
940,68758,123839071155804.0
941,80051,209898622336.0
942,62778,33697852420901.0
943,31901,224093901752425.0
944,17088,99746814528.0
945,61469,488329186751301.0
946,7352,22110504773714.0
947,84526,14686985493.0
948,4274,5529418710736.0
949,9056,65840093972362.0
950,47196,25178643992.0
951,62281,13610868393065.0
952,7238,380305491058.0
953,99016,520657463693.0
954,34465,205923340.0
955,12787,228745019.0
956,105137,16644949348.0
957,82611,8852840417139.0
958,3304,1653555984510.0
959,50019,83456212755110.0
960,91611,151396243624465.0
961,80952,10837229521371.0
962,56392,880686503810.0
963,53059,1991537008762.0
964,83925,355956746853.0
965,7618,855452195626.0
966,5575,24035183395.0
967,91661,172801090226720.0
968,103479,477226636836.0
969,50033,30986782156116.0
970,37753,6062404025307.0
971,49110,12888019034335.0
972,32093,10847640432553.0
973,89272,9190362791.0
974,7130,196968.0
975,34228,791526730.0
976,103493,212131287.0
977,13635,8507195886.0
978,102045,51321278.0
979,38187,70657104350820.0
980,57140,119616859721670.0
981,50859,3173940530422.0
982,91952,3393207345442.0
983,79076,10710806311710.0
984,67348,348459848708684.0
985,29590,547818258993974.0
986,73067,56262871650067.0
987,11428,654770908327.0
988,99633,3803848600061.0
989,32399,1637949072860.0
990,99916,2128168314.0
991,104047,122185847054.0
992,98525,24474731380.0
993,30289,17189994625258.0
994,15167,8936935657206.0
995,38569,165577389086534.0
996,21686,11706329556632.0
997,3830,135679135991596.0
998,21649,29219212149.0
999,16216,4556136182822.0
1000,38372,14997287284354.0
1001,78409,13027225393882.0
1002,95096,24340099021102.0
1003,23916,13607112079.0
1004,96911,667873323030.0
1005,95283,2417607228085.0
1006,76955,260674913.0
1007,44275,16651626.0
1008,46197,66354242286228.0
1009,2547,3052906152933.0
1010,49155,104483975060226.0
1011,7209,3773357388311.0
1012,90148,1299251730287.0
1013,99188,27200972772.0
1014,10945,31011592092.0
1015,56757,14393335005296.0
1016,59861,4763680198.0
1017,105181,189541321.0
1018,100613,3008153430.0
1019,58479,3677863733538.0
1020,105690,90702849.0
1021,10464,315249669.0
1022,91282,3067870182588.0
1023,37798,27288444491472.0
1024,54645,333453409825582.0
1025,58105,30883993770.0
1026,1385,401940875957.0
1027,74027,273060080225.0
1028,90288,1008417544019.0
1029,84927,3269599507199.0
1030,7597,25754054668.0
1031,96906,11612829026.0
1032,93997,1093986818766.0
1033,2579,14924034581585.0
1034,48207,5952277437978.0
1035,49561,13915199951108.0
1036,94002,22566428773002.0
1037,1685,2175036106803.0
1038,62787,3550784040.0
1039,92581,103752002.0
1040,14602,5368709120.0
1041,86329,28146736449455.0
1042,58614,87827502974538.0
1043,56683,8248294742058.0
1044,20829,281853212513334.0
1045,80762,4881901281357.0
1046,22426,110673299.0
1047,82914,26222003499452.0
1048,56427,357874212171.0
1049,23688,94473411949.0
1050,42110,11859707583860.0
1051,51256,5527607238.0
1052,28679,1391248371949.0
1053,51051,9547377392705.0
1054,45140,1043703864215.0
1055,93334,3808874167.0
1056,89460,390547793.0
1057,23988,902067388.0
1058,48694,825761516352.0
1059,99122,1799996.0
1060,14504,574605279219.0
1061,13614,52886293.0
1062,1494,68496769.0
1063,20744,1793237041985502.0
1064,19443,34293788876557.0
1065,50832,48783148775370.0
1066,70415,915748217912127.0
1067,97698,89642239897519.0
1068,36893,2327319611.0
1069,46684,9165414450347.0
1070,70663,2276146469259.0
1071,92047,85468564701.0
1072,93529,66902978501.0
1073,19256,6806417959.0
1074,21502,18214460445623.0
1075,8324,543964882400976.0
1076,68502,58294399396507.0
1077,3169,91921433186451.0
1078,102656,140496902.0
1079,61071,2517969791440.0
1080,93404,23540956324.0
1081,75258,5723392281845.0
1082,70835,3550348508.0
1083,11667,4794599847.0
1084,89553,126074556514.0
1085,44856,3131404084354.0
1086,70259,25094365503813.0
1087,77877,7397553627542.0
1088,51347,1446552523473.0
1089,9368,168404211998.0
1090,42090,185982974584.0
1091,35920,2084325112.0
1092,5627,5870826100.0
1093,9002,625806778593.0
1094,50251,1455721916433.0
1095,100340,5479675841.0
1096,50877,3062383627570.0
1097,91761,726988192.0
1098,50564,32867633665607.0
1099,24212,3883352003007.0
1100,70775,4713713842985.0
1101,51940,5190431528429.0
1102,90846,2771735647.0
1103,11235,8719873281253.0
1104,14394,209454849588.0
1105,75421,6521112120.0
1106,24921,463047579.0
1107,93494,566477538.0
1108,53111,435268704234976.0
1109,2814,90115795908421.0
1110,15142,108488163162803.0
1111,94770,9421004165.0
1112,47862,32840867051606.0
1113,77983,18196447171277.0
1114,8572,44554410990591.0
1115,85490,9689944.0
1116,30993,11165069264990.0
1117,81686,197208700507.0
1118,51425,31978748429172.0
1119,58746,18070364092424.0
1120,14027,23344878776659.0
1121,92877,14323339227027.0
1122,74296,1414166741269.0
1123,88624,3381035021723.0
1124,27714,3503007643.0
1125,97452,311337902.0
1126,62857,4787552891028.0
1127,33877,61236442298079.0
1128,33244,34755063895726.0
1129,5393,85667527051.0
1130,20196,3114981636.0
1131,55583,24369031874.0
1132,69815,1211818577.0
1133,49928,16460453143134.0
1134,35693,22739730210803.0
1135,102658,5744389698.0
1136,103463,2663819380289.0
1137,1230,164914570895519.0
1138,59714,7711607825109.0
1139,6470,82345423155822.0
1140,13010,45104436565525.0
1141,18569,1208328176688.0
1142,74642,267876584110.0
1143,48999,892477183.0
1144,48146,21601429591988.0
1145,71681,20170831288682.0
1146,5362,1368278482.0
1147,103676,3085294388.0
1148,1607,24614436079.0
1149,5058,319280110722743.0
1150,37936,59451236391238.0
1151,89859,175364023300710.0
1152,11410,160271119530847.0
1153,101693,68903737450.0
1154,34016,14068927922418.0
1155,92084,480278579095.0
1156,17096,75454262.0
1157,32146,1.7244027975501112e+16
1158,37518,942876676789.0
1159,34659,107548640070.0
1160,23875,122946301367.0
1161,92624,2832872473795.0
1162,55436,5908464663523.0
1163,91372,794224306.0
1164,69827,53403811475.0
1165,60069,110154034904807.0
1166,12915,27294945011019.0
1167,5407,382369216343880.0
1168,16557,582547092074.0
1169,78722,103073480841120.0
1170,48939,3237342552403.0
1171,94625,948966958978.0
1172,38262,31032708444.0
1173,70336,735277232.0
1174,24211,32177292579789.0
1175,85831,913142726760.0
1176,72091,89693325022689.0
1177,9880,32892479557998.0
1178,42987,545406819561.0
1179,47670,426418443.0
1180,102503,262216884.0
1181,26987,196968855695.0
1182,106474,32358649386.0
1183,55582,127926272.0
1184,106525,2327863465.0
1185,79635,1171001643570130.0
1186,5468,138365147573.0
1187,92929,3927313533271.0
1188,95636,7721663080223.0
1189,79227,263304841.0
1190,103661,7188752967897.0
1191,18532,4328055.0
1192,54841,2350328871523.0
1193,97294,18058841268.0
1194,22754,3209601362.0
1195,7721,7592339345.0
1196,90599,38915490274686.0
1197,78012,47238558546370.0
1198,38175,8957337058996.0
1199,104201,23354104490.0
1200,37572,30602463489.0
1201,58809,105787833619587.0
1202,55679,15878281546743.0
1203,94061,80711614608.0
1204,79455,103276474750.0
1205,99877,26586022356.0
1206,83420,7166922238871.0
1207,15261,1493971414957.0
1208,70669,11203607597.0
1209,77810,67.0
1210,15542,10903969300.0
1211,39115,81432067777590.0
1212,30140,910671623527406.0
1213,31174,399941680022.0
1214,57603,67507172990357.0
1215,84601,6434247488940.0
1216,86332,98379261897.0
1217,51915,63345862560.0
1218,32646,2964207165801.0
1219,73222,74235771585.0
1220,52956,8380107748485.0
1221,101474,231238056426.0
1222,68813,0.0
1223,6918,393749051978586.0
1224,42328,13212783378372.0
1225,60461,44643378684.0
1226,31686,27020150013925.0
1227,93251,227844151082.0
1228,42832,70216032905091.0
1229,55080,351840979377.0
1230,90151,31908563483.0
1231,97611,143710459707.0
1232,103462,14600395504.0
1233,79211,145288666832.0
1234,8959,1.3158696030469426e+17
1235,31764,9762769994157.0
1236,89839,8618994094980.0
1237,93253,56068270275.0
1238,1039,1095054784541.0
1239,70666,19278498118756.0
1240,9511,2174843786622.0
1241,4579,42352542998088.0
1242,31300,453028968045.0
1243,56377,54777619652267.0
1244,80187,16852401277307.0
1245,70498,9920337046837.0
1246,37419,1579444974653.0
1247,80149,6050056463.0
1248,13770,107186007992.0
1249,46689,45276326.0
1250,91712,31548052849230.0
1251,101666,364358828480.0
1252,98885,488355880728.0
1253,79335,19071445338435.0
1254,31593,79547213214398.0
1255,5410,931605074769249.0
1256,11816,1362420563592.0
1257,103608,164460378470.0
1258,25964,6182312116065.0
1259,10782,873148512529.0
1260,1447,3013843329.0
1261,28563,221833859571.0
1262,88993,3987518861930.0
1263,42447,120239517807819.0
1264,82953,16840643303379.0
1265,92975,35514962232057.0
1266,6034,0.0
1267,69094,1266597093087.0
1268,97001,4942223008.0
1269,103283,10459982039.0
1270,14907,19158190989.0
1271,3692,13800567944.0
1272,14763,2019633575786.0
1273,71738,26773831958702.0
1274,80397,8005752556.0
1275,81342,13589053921.0
1276,3760,170283657.0
1277,11118,187790519652876.0
1278,11198,3301338304469.0
1279,69243,18604049685463.0
1280,57458,507466088311.0
1281,57129,110073966705601.0
1282,80289,455801938476300.0
1283,8791,4796960794319.0
1284,93770,303154828198.0
1285,93503,173192264295.0
1286,31059,5221693955068.0
1287,102900,663516364.0
1288,30398,17850948735.0
1289,69093,1424407737285.0
1290,103765,821684699156.0
1291,70872,137512369943015.0
1292,23679,588185714579.0
1293,49072,1773021077309.0
1294,12218,30459320083.0
1295,3318,3131277967.0
1296,32011,176775593250.0
1297,2672,5040.0
1298,100662,6137951510.0
1299,72090,19434474915897.0
1300,99956,379452069502.0
1301,24234,30695907461869.0
1302,38560,16119114074767.0
1303,60014,5434068060347.0
1304,50259,27126294323045.0
1305,72984,6672859381558.0
1306,88620,8689897.0
1307,6702,5152538159.0
1308,99659,24394823110945.0
1309,100095,895974093682.0
1310,23943,3837558034388.0
1311,100006,2156411966855.0
1312,32585,5384632009614.0
1313,11318,166897834467.0
1314,79432,12623718560.0
1315,104512,19048455821.0
1316,101899,6582358139.0
1317,75783,1388565831847.0
1318,4819,212459456758446.0
1319,25491,281227473389611.0
1320,91519,136993367267462.0
1321,102046,939772700280.0
1322,86353,381411381912.0
1323,89391,13217026050.0
1324,99285,1115940502.0
1325,15741,1678373914328.0
1326,8819,56781718536866.0
1327,25622,18981630607906.0
1328,17553,130887771612.0
1329,23273,425856212185.0
1330,104229,6029957075.0
1331,15032,4844920848810.0
1332,2260,10522572810885.0
1333,55145,1097628721942.0
1334,22527,196240864129069.0
1335,55005,55799989056210.0
1336,3267,27051043441802.0
1337,43956,1579318678353.0
1338,24183,3590508399291.0
1339,15847,2151020934.0
1340,88628,1025354515223.0
1341,47526,374374990571.0
1342,72117,591061271.0
1343,51212,615180404321047.0
1344,55634,8451304410963.0
1345,97569,18689197995482.0
1346,50826,43665197877255.0
1347,36619,834539597551.0
1348,92282,166703537559.0
1349,78252,12174209341874.0
1350,22224,17490903193.0
1351,43528,2968605155894.0
1352,24998,24485191266.0
1353,86136,1564754044748.0
1354,16785,648978143258.0
1355,51950,14554698838015.0
1356,45727,9954258661928.0
1357,95509,2100045979.0
1358,29587,15809326217952.0
1359,35002,422167495319262.0
1360,56808,91472114.0
1361,70979,14546382026058.0
1362,11551,165612835703.0
1363,27774,534209071.0
1364,24421,1186815314820239.0
1365,19041,16320053155132.0
1366,68742,72944517118849.0
1367,25950,45423939341734.0
1368,71583,5763727245962.0
1369,9774,6317146666212.0
1370,96808,369703243595464.0
1371,58316,23666909717388.0
1372,28304,12922724122555.0
1373,81402,163250549128.0
1374,96491,1544087582762.0
1375,102315,15079718248.0
1376,23574,248631177.0
1377,51005,14135563486900.0
1378,56300,1239623291038.0
1379,57618,59354141652.0
1380,43257,154864892688631.0
1381,60436,26218936748724.0
1382,70691,60532298907069.0
1383,29924,6877917462772.0
1384,36196,6726005520322.0
1385,5475,10147919303081.0
1386,21466,6077360269390.0
1387,55960,5930708516339.0
1388,32151,29167909986.0
1389,3322,3667949455.0
1390,51962,10545899389.0
1391,80700,101278928.0
1392,99587,63597938907.0
1393,5185,27045725955697.0
1394,30743,13237989821897.0
1395,72495,6902908066199.0
1396,66803,105125866055354.0
1397,74444,141542579899.0
1398,89755,8771203684.0
1399,50772,906405441194.0
1400,88975,383781242049.0
1401,88914,430789137.0
1402,59535,0.0
1403,58449,252314396.0
1404,22720,5225660620.0
1405,3599,2312491929.0
1406,27993,5266716806789.0
1407,29062,254728098101542.0
1408,14922,178650678399444.0
1409,3246,754653698973.0
1410,60837,411119952933.0
1411,55372,7420433024585.0
1412,22274,7211174098286.0
1413,41259,637261321872.0
1414,93127,25661265053053.0
1415,105563,84853857961.0
1416,103683,35646210683752.0
1417,28044,127005780267196.0
1418,96492,329467016039.0
1419,68357,18580516211.0
1420,99283,217155907.0
1421,5686,146334470861.0
1422,78514,2623903070786.0
1423,104555,215593048.0
1424,106555,2831908360.0
1425,25315,262817121076215.0
1426,16737,1518289664916.0
1427,61204,21176109417810.0
1428,56559,157400361520.0
1429,32196,197196154769376.0
1430,68199,361901367631007.0
1431,28048,1372607305520.0
1432,38990,213376459647584.0
1433,21491,93327044201785.0
1434,60269,39974780931.0
1435,84462,33515195427063.0
1436,9472,6241641621.0
1437,83894,357440550455.0
1438,9646,0.0
1439,49576,118617260.0
1440,78291,565455181422445.0
1441,45138,6273238080214.0
1442,105161,61538025043.0
1443,9632,389232966579.0
1444,49685,136879708743247.0
1445,24628,3955570015818.0
1446,75786,61316639849702.0
1447,83943,18753385134014.0
1448,93786,510858100365.0
1449,50904,3895618045039.0
1450,23030,2508116928.0
1451,103214,126092939935.0
1452,5340,63388265383457.0
1453,100574,258170537963273.0
1454,22996,5955694606302.0
1455,34199,172876035050468.0
1456,39129,7166868051918.0
1457,84845,31834038079566.0
1458,54594,572734450.0
1459,102306,17520287197602.0
1460,27747,81708427964368.0
1461,10384,143272128824.0
1462,92345,50279673449367.0
1463,50739,2844641433535.0
1464,106856,245162950278.0
1465,103250,872644823536.0
1466,71810,28330102554909.0
1467,105262,115466163785.0
1468,34428,130784810000.0
1469,9520,3074062887.0
1470,102478,14060485146.0
1471,15591,120853524.0
1472,94395,48106736.0
1473,58808,1509918158984889.0
1474,72524,7712442713838.0
1475,86089,11577736241278.0
1476,8854,197228371785314.0
1477,71437,126580969150558.0
1478,50961,7769141598800.0
1479,11848,901210974022.0
1480,50773,4152654777938.0
1481,100703,24255067205.0
1482,20973,18504825613628.0
1483,8873,62058328033.0
1484,96778,60468566.0
1485,98788,14566899144.0
1486,15250,13517106647583.0
1487,12005,64479693287499.0
1488,10699,49204593972927.0
1489,11380,99731740168530.0
1490,56454,2307137578037.0
1491,32066,28043631422387.0
1492,61049,8205383981690.0
1493,13033,1425599711741.0
1494,20111,3519781544157.0
1495,81826,3604872073560.0
1496,23945,1704074287.0
1497,15932,143125397.0
1498,68907,720906170037468.0
1499,6270,3410340792586.0
1500,27011,3663809867176.0
1501,16256,308641929637.0
1502,40342,972737025176.0
1503,103977,612424165872.0
1504,11480,5482567575162180.0
1505,9542,295906887352653.0
1506,37470,25034744057147.0
1507,46782,207547624050641.0
1508,20786,14648606171475.0
1509,57226,51138611966670.0
1510,12990,23258143110.0
1511,23003,3627028251.0
1512,47850,425871630442.0
1513,6585,2283513854.0
1514,93660,6977674810174.0
1515,83588,7975306320095.0
1516,75065,142177317082684.0
1517,2061,151515811617717.0
1518,27735,610423875100433.0
1519,59470,4073139686798.0
1520,72565,170554598.0
1521,22538,16924657827.0
1522,23621,1687042768018.0
1523,29042,472707330579.0
1524,43882,180407053057960.0
1525,16686,106450585187408.0
1526,45715,127907167634014.0
1527,8157,32399198129911.0
1528,62078,252246513038.0
1529,56623,529057511156.0
1530,24626,22793741547464.0
1531,56639,58538124029005.0
1532,19424,3565081768292.0
1533,31393,40049159.0
1534,101015,4140859992.0
1535,59301,22702319.0
1536,35923,9806367357358.0
1537,52909,212751231398.0
1538,31488,13016935123855.0
1539,23855,5925866388094.0
1540,50912,117465572165.0
1541,11565,13330551915164.0
1542,35745,34816143623.0
1543,62085,2893025107.0
1544,57283,120368844.0
1545,19812,147819895056785.0
1546,24885,67180012329085.0
1547,86071,2995192228196.0
1548,93845,592733928887.0
1549,21234,4753879040.0
1550,25413,49870429810.0
1551,46924,104478607.0
1552,51354,11621139854180.0
1553,34686,4928991116512.0
1554,11521,45195110685795.0
1555,9412,1028794256342.0
1556,12458,74029849275806.0
1557,103489,1358492857.0
1558,101905,8668894456414.0
1559,22508,7023454856188.0
1560,101301,12574562402381.0
1561,8357,9970078953220.0
1562,105056,94481219627.0
1563,23617,117834266.0
1564,35797,29032340.0
1565,11087,204982679893504.0
1566,24955,923252651405897.0
1567,84873,38116485022194.0
1568,72623,101080028635909.0
1569,55932,860650190245.0
1570,13578,1002519933970.0
1571,90091,81631674490.0
1572,51853,55917577499884.0
1573,7495,73629922487093.0
1574,73265,69120175778.0
1575,99181,22906952874.0
1576,103611,4900226793749.0
1577,15109,3571459696891.0
1578,50807,2652878406781.0
1579,95163,169419611.0
1580,84449,1103121468.0
1581,14215,1035159.0
1582,48539,49234340009890.0
1583,14002,233443707530802.0
1584,38901,34791046292858.0
1585,49572,25856371756526.0
1586,69078,10197694384716.0
1587,59125,21618961742385.0
1588,2908,1930953321802.0
1589,92347,163745628160.0
1590,60892,7229848138224.0
1591,92206,490837856886.0
1592,11896,5158522578.0
1593,24566,3489539337232.0
1594,95247,16724622550302.0
1595,2280,16937028388842.0
1596,100551,1550970427.0
1597,43438,76678453939677.0
1598,57697,247425893846847.0
1599,85833,4412209649174.0
1600,22793,29709592441210.0
1601,38083,63190246858.0
1602,90371,29859295883390.0
1603,12211,3271699967.0
1604,105094,71395131.0
1605,27697,625209270333.0
1606,92327,3520745668.0
1607,9658,3029066398711.0
1608,103669,4547614446968.0
1609,73574,28184459593114.0
1610,100874,17365520195.0
1611,80927,110967308029527.0
1612,27739,5168394340199.0
1613,41280,500819678321587.0
1614,49677,204690759121856.0
1615,60939,13783822106253.0
1616,2126,418279188.0
1617,47863,3392099845078465.0
1618,85489,514539443406153.0
1619,80512,56167069960300.0
1620,99284,624695435.0
1621,85264,5521995274370.0
1622,85646,1889489577.0
1623,81538,24869754167.0
1624,16982,8901497387.0
1625,92130,133906945363.0
1626,16581,142582796542131.0
1627,51352,77761186758530.0
1628,56358,133700670971167.0
1629,75423,459713874452.0
1630,103820,2299847633.0
1631,30955,628837183599.0
1632,58983,20874447418.0
1633,10372,909165241.0
1634,28389,516156688.0
1635,57135,12968732718096.0
1636,69244,5216447100405.0
1637,57165,4962385985962.0
1638,35111,14608865172894.0
1639,74561,14301994803762.0
1640,35329,13527836538206.0
1641,9421,7184987549747.0
1642,35724,30759469714426.0
1643,1472,1505548760255.0
1644,12274,36341040.0
1645,22339,180854792397597.0
1646,88913,1703485641417.0
1647,27783,947589579216744.0
1648,84155,674509653967.0
1649,50789,2294979499379.0
1650,59012,681854370947.0
1651,79663,100589890352567.0
1652,42963,1031761067460.0
1653,29989,1741831934438.0
1654,18681,271833901567.0
1655,1241,5183658908144.0
1656,29605,2745698461.0
1657,97000,8875404.0
1658,69138,133219072326459.0
1659,34408,51556028.0
1660,24076,3203513256718.0
1661,50193,8457110809.0
1662,99020,247546609050.0
1663,28550,10044093956020.0
1664,90370,5003470664900.0
1665,5858,2146723474679.0
1666,32628,64446582792241.0
1667,24317,21970143120.0
1668,22497,29348605327328.0
1669,79150,1412578200098.0
1670,82163,2509995840697.0
1671,15578,3304749549429.0
1672,9770,136435787.0
1673,36254,7257697584794.0
1674,13585,38978613074365.0
1675,59016,101361116316.0
1676,50465,4874720500482.0
1677,103857,253525232860.0
1678,85076,1227128961365.0
1679,91892,3716204720765.0
1680,19704,270833666280579.0
1681,13535,110353120339499.0
1682,84840,935453696193547.0
1683,44561,12874809053945.0
1684,77409,6753825023814.0
1685,37397,63001856930932.0
1686,25435,6140673736833.0
1687,11231,1864648601273.0
1688,37885,2796280641.0
1689,41672,10965091082.0
1690,31961,172852778281.0
1691,22334,61988988977.0
1692,24849,44713740520346.0
1693,105033,1057768222816.0
1694,43677,126543731154600.0
1695,70502,142056731984369.0
1696,82359,67219516893.0
1697,75057,7805973780702.0
1698,6697,41481649646615.0
1699,83531,4025224224966.0
1700,18992,183093828.0
1701,102442,469846330568.0
1702,100998,1433426009.0
1703,92884,4585897269833.0
1704,83589,39606176848979.0
1705,43399,1634266945379.0
1706,95168,9619041524.0
1707,84548,12473731285818.0
1708,32388,45079423884707.0
1709,28194,1823349373869.0
1710,17329,14789690205.0
1711,100682,4927980006.0
1712,10672,1706665688.0
1713,70406,70972921772941.0
1714,30812,51082562753076.0
1715,43241,11671081033958.0
1716,36890,13302459040867.0
1717,59813,249001977287.0
1718,2319,11875268061987.0
1719,82703,20104747203930.0
1720,103989,11331572016.0
1721,13536,4627052948.0
1722,5141,566862339222156.0
1723,45160,423396208355.0
1724,55864,98977245294260.0
1725,30754,8026065551160.0
1726,71141,150483230.0
1727,102224,16532048178.0
1728,30290,0.0
1729,13005,32995410030011.0
1730,56046,95742537909007.0
1731,82045,781932527123479.0
1732,9490,5956358681975.0
1733,41013,6411675171279.0
1734,50124,8855011281794.0
1735,13771,11108324873594.0
1736,2,1981487190766.0
1737,55663,1439919992.0
1738,15899,3103925589982.0
1739,81604,26903171439.0
1740,9104,30234283.0
1741,15148,128895709530886.0
1742,81657,1131188608254.0
1743,59705,12664414350231.0
1744,19955,18982795046888.0
1745,25489,22247604633347.0
1746,6502,242153252728.0
1747,30488,107331584.0
1748,62138,12868380423.0
1749,83403,11167498.0
1750,95272,8991895490705.0
1751,103609,58863740455.0
1752,81552,249704645115.0
1753,57424,80901682147.0
1754,63196,1953762025644.0
1755,56545,0.0
1756,7577,125473704978244.0
1757,63159,4839038438170.0
1758,44855,20684945155034.0
1759,42240,25570471777549.0
1760,71682,89953166472.0
1761,91883,5726779823153.0
1762,45559,8734186418.0
1763,27130,25538717730.0
1764,43519,810317288.0
1765,50529,83906393223562.0
1766,62924,13477991928445.0
1767,38939,5796480923423.0
1768,45001,411732144065108.0
1769,59610,200840856882.0
1770,3321,745957107120.0
1771,104334,369477480633.0
1772,51446,18187065868.0
1773,31141,3865725185605.0
1774,92626,295559694255.0
1775,36657,272387420892.0
1776,48535,1171311672855.0
1777,79799,601941020983.0
1778,51382,423755829899.0
1779,22655,27462527462.0
1780,11555,724362970.0
1781,38324,100637394625312.0
1782,40651,92247668131108.0
1783,31297,67734451894919.0
1784,24117,21965442829209.0
1785,80912,8320972650208.0
1786,104438,1725375523347.0
1787,90394,15815547024.0
1788,103654,9241611841196.0
1789,103635,30037435249.0
1790,86334,28576537147485.0
1791,99,2512934497133338.0
1792,31097,136432402152880.0
1793,90089,496149618915.0
1794,29594,13630912954820.0
1795,24691,34670756911.0
1796,23636,47809129801.0
1797,56682,47655552641.0
1798,74536,248672589214.0
1799,56945,429564620.0
1800,31183,611674720.0
1801,106468,8603537.0
1802,56860,21271581347212.0
1803,9773,4287386294552.0
1804,34822,11658764075091.0
1805,90902,105666087699680.0
1806,51268,59150976970815.0
1807,74476,172550159726083.0
1808,55961,7650490912296.0
1809,99879,11286049395524.0
1810,56908,815418098851.0
1811,19003,35378140536.0
1812,24172,5069299033388.0
1813,24154,44199938017757.0
1814,71964,168572567701648.0
1815,77410,12981436362326.0
1816,59141,78925659098.0
1817,86134,16140549338629.0
1818,104585,747318142928.0
1819,28182,28309196687228.0
1820,28880,14900446239615.0
1821,18034,57829966485747.0
1822,16019,27530628309953.0
1823,5882,36554291818282.0
1824,9496,25991748098898.0
1825,80798,12251553862.0
1826,35360,5097927080889.0
1827,16858,2897668583.0
1828,5514,929542000.0
1829,101828,22520443777.0
1830,103584,143978781529.0
1831,62514,614769482.0
1832,28353,13927795.0
1833,7592,1049506992016896.0
1834,50813,155075913726886.0
1835,10120,22651502644059.0
1836,91930,3564444817951.0
1837,100391,10110943434348.0
1838,13178,19152187024.0
1839,12855,9856141854458.0
1840,80585,295203048.0
1841,77787,2803392025.0
1842,31503,33554432.0
1843,103477,6936784297852.0
1844,42938,12498343391873.0
1845,22543,62600743015777.0
1846,14409,2578573214727.0
1847,21463,1919711201254.0
1848,25439,38048528961.0
1849,12522,34665236134643.0
1850,22271,428374004855.0
1851,6546,9140281728.0
1852,34146,1310311719.0
1853,19018,588942427.0
1854,90796,9998310950656.0
1855,89945,130227117357802.0
1856,38463,1166974625388.0
1857,51111,4636146531865.0
1858,97472,24160963778841.0
1859,93524,374286834173.0
1860,88868,549279422091.0
1861,5019,1497160614.0
1862,45059,353620429042761.0
1863,35160,15999414265621.0
1864,81649,92945762314644.0
1865,66630,90457400449310.0
1866,90662,2098345751257.0
1867,68676,108291359572.0
1868,71467,18441152150.0
1869,83996,598706023.0
1870,104046,7786997669873.0
1871,95016,24050495731.0
1872,79881,1042593939042.0
1873,89549,3846604164457.0
1874,30124,405305238.0
1875,100091,47930618351.0
1876,94543,738248853.0
1877,103455,5797419244.0
1878,78911,297489143714408.0
1879,30997,9425470009712.0
1880,25369,59136346327788.0
1881,28016,20341210276164.0
1882,33363,41114292195983.0
1883,16529,14449199100646.0
1884,82815,1350566336778.0
1885,75456,1224665434266538.0
1886,12754,11718505552604.0
1887,83616,4841098664645.0
1888,102865,502383934271.0
1889,3980,66097984587.0
1890,83305,6526064592166.0
1891,37677,2908692681137.0
1892,89339,775107543.0
1893,14679,3565794779.0
1894,50769,37983078967928.0
1895,7507,2714772742257.0
1896,99442,1681922613561.0
1897,57517,17925220910351.0
1898,0,88412580400169.0
1899,13192,13291800913994.0
1900,58723,6561153004.0
1901,75312,3005952663.0
1902,79093,27226810.0
1903,70670,210549378385154.0
1904,101898,39722524874.0
1905,12451,15751324295166.0
1906,4330,1220197969598.0
1907,12177,39001981831113.0
1908,83530,5015668109081.0
1909,69720,288925838050.0
1910,92949,1205615157.0
1911,92490,175971843021.0
1912,42351,3056451484214.0
1913,37568,96876573460427.0
1914,57591,4136334305091.0
1915,89555,123684873784.0
1916,24081,9855650005.0
1917,62663,3979088327908.0
1918,78668,841230283166.0
1919,84524,1108472763746.0
1920,28620,112232842403223.0
1921,25016,74031152551117.0
1922,94817,16263551457851.0
1923,47991,12338957729.0
1924,83811,27045299713780.0
1925,101476,9676348.0
1926,103680,21744011193.0
1927,56162,79680720.0
1928,83668,3125794907.0
1929,12250,126887192203966.0
1930,72121,36045497489531.0
1931,50449,20871391326833.0
1932,95741,754597718418196.0
1933,10488,6821592706.0
1934,93324,6168061977062.0
1935,103367,585804507616.0
1936,49156,3972679407.0
1937,81873,405579121314.0
1938,34073,1468795319408.0
1939,75608,35857128234728.0
1940,94585,337523909678.0
1941,92127,7098509575718.0
1942,100503,10672606356.0
1943,94957,1280409756886.0
1944,82044,170958833703.0
1945,30182,2055544531687.0
1946,51499,3133360760741.0
1947,61409,1138902134374.0
1948,50080,5953025995917.0
1949,73699,239863611732.0
1950,40737,387567991697.0
1951,23631,359950010.0
1952,84201,404842127.0
1953,32161,96255641064441.0
1954,103088,69683363183101.0
1955,92499,9155582797029.0
1956,95444,9253133208.0
1957,60811,4909100846997.0
1958,83406,373823242919.0
1959,17127,68734431865.0
1960,104085,35877042169.0
1961,23419,364030281.0
1962,3381,2349835057944.0
1963,47281,2775348742824.0
1964,2454,34717409810.0
1965,8838,96727365590.0
1966,99913,23172035.0
1967,81429,7107408613038.0
1968,12141,49537626897645.0
1969,99286,13455360157391.0
1970,33803,5529384724277.0
1971,63325,107224579989065.0
1972,100184,571824913677.0
1973,28131,222492179074.0
1974,27788,932580902.0
1975,89857,131095403167.0
1976,103659,4756555359701.0
