,ruid,count
0,97564,128218
1,85100,593774
2,17389,9377
3,57178,132161
4,35947,405
5,101475,137
6,9900,1
7,48711,188687
8,69743,23654
9,97705,142353
10,40021,512379
11,70830,345
12,61867,49
13,37480,163615
14,22412,9
15,11280,26
16,78709,331067
17,34531,81131
18,68879,54549
19,1352,868
20,97094,2593
21,38615,1059
22,12393,74
23,72912,11279
24,14997,1
25,69828,35679
26,42754,82402
27,23367,20
28,47671,225048
29,44505,2
30,14770,2199182
31,35331,236405
32,9647,95199
33,51156,54240
34,76092,327348
35,35593,77
36,19149,5
37,88890,4346
38,95934,8821
39,12607,1223
40,102286,675
41,92428,30
42,97832,1146095
43,48997,11929
44,43675,10225
45,82922,4188849
46,88684,111436
47,16295,31447
48,24482,2184
49,32253,13356
50,14124,302
51,103663,4399
52,91652,302
53,21603,529
54,21303,4
55,7584,7
56,101678,8
57,105371,30
58,57058,89943
59,59448,466315
60,82907,24321
61,40131,1599546
62,90393,15842
63,9475,101442
64,19335,8
65,32644,563665
66,50617,1764131
67,94306,131430
68,51959,3654
69,94901,333
70,47682,22979034
71,46433,140793
72,29340,18154
73,96770,225916
74,13214,5916
75,18107,22655
76,36946,2
77,17067,147334
78,86505,6238
79,73106,75809
80,101667,9
81,5235,5
82,7202,3674182
83,37858,12415822
84,90267,255
85,49345,73992
86,70906,693887
87,44111,19111
88,85623,296
89,10162,2918
90,98736,1168
91,12182,215
92,105076,19
93,36282,11
94,30345,19
95,77408,103
96,91452,564446
97,48789,630
98,38991,582398
99,80884,5096
100,74714,6706
101,73880,543
102,8429,22552
103,67569,83
104,90552,18344
105,12494,18
106,98479,11
107,69708,1842377
108,92083,535248
109,63294,7247
110,10180,112007
111,66667,21
112,70687,4080
113,78829,199929
114,56351,13828
115,86084,1983450
116,36898,68
117,29323,279859
118,63501,79494
119,89632,49581
120,84629,60740
121,17147,348084
122,90709,31851
123,10580,54781
124,35145,196407
125,84631,147009
126,23464,7353
127,51233,44681
128,31365,561448
129,90272,104
130,103660,290
131,100858,560
132,91545,1561
133,93090,84
134,97299,4881
135,12117,56617
136,13052,3021
137,23604,348
138,24816,39
139,23667,682
140,98996,427
141,56583,2891
142,88991,178
143,32425,868515
144,29426,296482
145,1574,43758
146,92961,22825
147,29575,872
148,69636,566176
149,82766,322815
150,94404,33689
151,83402,227
152,32636,15
153,12868,14
154,59003,11
155,34009,5
156,94405,1
157,51727,1044849
158,78912,12037
159,41196,59765
160,23605,8310
161,28997,430392
162,24174,618
163,96777,5872
164,100496,90493
165,72531,1429745
166,32518,16140087
167,96956,9045
168,97229,1036272
169,74916,214118
170,83669,169576
171,24085,387557
172,12329,68670
173,101965,1155
174,90836,596
175,103472,8197
176,92842,1414
177,81839,8
178,95116,2
179,12662,4470
180,15083,4047688
181,42642,127852
182,31220,60703
183,14096,37
184,43222,1725
185,91577,1995435
186,48721,13769
187,102366,1937
188,90372,6
189,51751,370502
190,34970,88295792
191,57600,2347525
192,57855,680
193,25256,3652
194,56390,61999
195,43052,12946
196,15454,7044
197,91588,19571
198,94003,165
199,3528,3938
200,33018,64
201,104803,6
202,3123,29
203,38748,457345
204,77555,418212
205,37811,49504
206,12148,46284
207,86279,36880
208,57865,52384
209,82349,396
210,21288,22
211,101382,4099288
212,38274,225805
213,32189,39246
214,71684,31780
215,42068,222119
216,42932,22651
217,86707,3599
218,46735,19492
219,75595,38728
220,75640,1650
221,79775,1294
222,24900,303
223,15974,1
224,23596,17283
225,56869,403514
226,56373,558436
227,70743,4226
228,73805,19569
229,13125,1389
230,47972,265170
231,31095,40968
232,59590,464
233,96789,819
234,72845,2
235,28100,12
236,61206,1103450
237,49624,86692
238,7583,82649
239,40417,385419
240,72624,142202
241,51655,2659
242,79337,69145
243,32535,69500
244,57692,4267
245,29609,77
246,99567,2
247,80801,15
248,62818,609767
249,38566,79609
250,12000,10441
251,33777,29275
252,37033,1639
253,68220,834
254,11608,4947
255,86099,1588
256,22461,18
257,14824,1
258,29673,292584
259,31423,3222
260,69790,11431446
261,38430,90776
262,31798,76971
263,52016,1039785
264,55959,88112
265,24376,61309
266,12744,6
267,26986,122203
268,96649,89733
269,24724,214756
270,30261,128466
271,41713,1391379
272,9193,537134
273,24943,9953439
274,94443,5368
275,103445,77
276,34831,2196
277,103482,676
278,15742,46899
279,30339,37
280,7026,4
281,103233,3
282,19016,692235
283,39877,400445
284,32299,379
285,85620,93684
286,36408,30725
287,11906,285145
288,37579,17494
289,40418,14675
290,94899,24097
291,47854,26763
292,91056,165756
293,58006,428
294,23310,44
295,55720,31982
296,72490,39616
297,9341,2
298,80271,4664
299,54650,65209
300,2042,4482
301,95477,52387
302,79057,128716
303,85653,13
304,2774,15
305,84565,1474
306,72811,4
307,32031,790374
308,53062,45969
309,58228,3564
310,86367,595361
311,29788,2242
312,14534,2264
313,2791,361
314,89873,1228
315,100210,748
316,21283,65
317,20658,43634
318,8166,237286
319,82542,291512
320,77872,162163
321,37474,56556
322,23476,47843
323,24426,157348
324,82745,39797
325,5478,9758
326,94753,17635
327,44635,7
328,4481,75571
329,47282,145996
330,12035,1016
331,31282,68913
332,8619,12
333,2192,2
334,43309,30714
335,8516,350
336,28274,62569
337,100050,51
338,93890,10179
339,25769,5279
340,4032,1
341,28234,31494
342,75568,204143
343,90900,137285
344,102682,29741
345,94350,25142
346,28237,50830
347,24393,18297
348,71952,650
349,10604,1
350,13655,126314
351,71190,94982
352,91055,390841
353,75516,208998
354,79588,869
355,50761,9769
356,66582,7635
357,106657,822
358,81542,57005
359,90862,31
360,89612,560
361,102042,309648
362,105080,3722
363,67051,1394778
364,51895,857914
365,55853,17755238
366,73854,223850
367,28814,10785
368,8751,507
369,50955,2766
370,74109,11
371,93382,6
372,31959,4
373,63477,84274
374,73068,45504
375,9725,470464
376,59506,1592
377,9001,121699
378,6932,91221
379,58926,1428
380,27634,1313
381,66665,609
382,75207,162
383,91114,185
384,9399,43817
385,71075,285113
386,17268,1935265
387,71099,114982
388,62665,101
389,85431,458199566
390,58088,59
391,81694,80852
392,99918,22804
393,27872,15109
394,71096,105
395,94446,134
396,18481,14
397,75824,187
398,101792,110614
399,23732,135
400,9625,35
401,50205,8
402,35138,1
403,59789,115119
404,98880,2561
405,57682,519855
406,80156,380479
407,34788,117290
408,74479,3006923
409,10161,8890
410,80321,545410
411,22986,2507
412,41524,64531
413,1,204755624
414,29820,199875
415,9471,5661948
416,82218,10062957
417,61072,9076
418,50333,176151
419,89153,102569
420,98152,628804
421,85654,32696
422,68801,16396
423,70165,71000
424,18118,739409
425,57247,16804
426,2138,359836
427,104067,478
428,36386,503323
429,98267,318958
430,99878,102
431,37316,406835
432,13063,50050885
433,72800,15619
434,103471,5442
435,28212,6841
436,95480,741
437,47828,29
438,22014,27451311
439,78321,139656
440,14355,364669
441,17399,639610
442,86432,228343
443,90404,2204025
444,30131,192616
445,3453,15812
446,9283,58562
447,50719,5970
448,95110,71102
449,102863,1
450,93032,94739
451,98328,5339
452,7616,26100
453,101665,358
454,42553,318
455,10948,4
456,17241,1269
457,93106,179
458,97746,41
459,5082,157355
460,41277,122461
461,98272,111441
462,59442,354642
463,41398,48515
464,12780,17158
465,7500,36460
466,80256,6
467,105099,5
468,80368,242539
469,24576,1887498
470,51171,28573
471,94664,12476
472,106829,738
473,58653,2
474,57856,5
475,15151,152738
476,18401,102
477,85801,853
478,82008,19
479,89872,2632
480,104946,2
481,48328,2793
482,17058,7
483,13314,8573
484,16745,94
485,71150,148105
486,79777,3
487,59297,352
488,34835,971
489,33175,235
490,4570,1291
491,70556,66131
492,100866,7
493,102004,1121
494,2481,136
495,23914,430
496,12850,440
497,11512,782
498,90150,7496
499,21251,11
500,3,4
501,81154,242959
502,32589,35068
503,18982,17484
504,50008,183
505,16507,3988
506,25128,37
507,51015,62
508,71149,57541
509,23401,116848
510,95077,8972
511,86142,33632
512,88973,1901
513,99585,97
514,45379,6202
515,55620,82735
516,55446,121728
517,27518,5522
518,23262,73640
519,99288,21566
520,29235,51
521,50376,17
522,78720,25
523,83687,81
524,52008,6
525,13456,1
526,106619,1
527,1144,63972
528,81874,199914
529,49627,57087
530,13633,177
531,36363,506217
532,77891,15882
533,104337,110
534,63402,77207
535,14793,22951
536,37688,60786
537,27596,51929
538,35415,605
539,16552,76
540,101717,65
541,69871,76
542,7009,5
543,93356,55
544,51703,2
545,70409,77813
546,54590,721512
547,14799,52438246
548,9414,66258
549,7411,993
550,49069,157833
551,24439,714493
552,101292,3031
553,102884,825930
554,21535,10400
555,90155,9431
556,37505,83666
557,27910,51
558,78314,18
559,103858,29
560,93872,1
561,12650,9308624
562,81554,1372
563,10579,6130
564,43874,6330
565,47348,225453
566,70667,7046
567,94033,89000
568,95982,59053
569,68716,1754745
570,35206,261316
571,102441,4714
572,15419,83344
573,58490,248793
574,101615,5010
575,105544,6
576,98813,666
577,93841,379
578,78253,6096
579,90376,8817754
580,98739,325
581,2177,110102
582,35452,15
583,88686,111
584,104068,7
585,34086,25873
586,78176,844
587,57236,279861
588,30824,59
589,103465,75503
590,39402,1195
591,12296,91833
592,12134,297
593,11659,16
594,97870,45
595,63219,71698
596,71463,403678
597,74470,207026
598,12531,150775
599,11045,9804
600,30058,20021
601,93673,2894
602,31490,17032
603,8359,270
604,77898,243
605,43954,147574
606,49725,109784
607,80364,672120
608,8440,4115
609,79409,5813
610,23306,4185
611,4839,2983
612,43876,46765
613,71482,744
614,82541,22
615,101785,408
616,24232,2
617,34575,28274460
618,52020,292838
619,9481,938886
620,24944,1622466
621,14225,8830
622,14143,1190
623,97748,22550
624,55166,29243
625,30274,574321
626,34955,188981
627,68503,736
628,72023,86566
629,35433,344142
630,31082,30440
631,88688,861
632,102607,138
633,27557,140
634,40387,12
635,8273,852075
636,32197,1398776
637,11792,240300
638,23836,874449
639,72964,323404
640,100127,58
641,28096,14972
642,63115,758900
643,80854,7385
644,39578,87521
645,38649,344
646,83667,2896390
647,71022,32679
648,50013,5922
649,105564,18
650,44355,3210
651,103843,10
652,24850,5484
653,22095,1
654,8563,31481
655,82340,105674
656,93014,21015
657,103008,13549
658,69939,131
659,95385,8
660,38513,35252
661,88708,90
662,14038,53310
663,80494,618833
664,38617,63031
665,31567,23841
666,57170,51529
667,8912,94528
668,9655,23046
669,18052,111612
670,57880,282266
671,74794,384
672,28595,10
673,56671,6
674,74914,598754
675,57781,18485
676,1856,59463
677,78938,14697
678,96640,14757
679,50698,551122
680,41951,852
681,102392,673
682,13624,28177
683,35964,181
684,54845,18
685,28677,434
686,9327,2
687,35059,4
688,61765,1873843
689,60058,80702
690,79860,432247
691,54649,88176
692,81144,7880
693,103031,54008956
694,9596,272054
695,47865,23672
696,81861,695
697,97840,45498
698,102316,70
699,57622,11380
700,101823,81
701,83400,15881
702,80058,2
703,32627,82846
704,60856,63022
705,68621,1371949
706,28489,31089
707,25097,611164
708,34806,3459
709,51826,15104
710,101189,24
711,56107,48674
712,16187,13
713,42009,13762
714,94439,101
715,24941,1230765
716,37238,467156
717,13714,1288
718,29556,137679
719,102881,15998
720,74299,1053
721,32761,147222
722,83509,43
723,74445,10
724,31137,139
725,21773,94141
726,71734,9253
727,38346,520958
728,35378,161546
729,21117,2130
730,77890,1204
731,7291,646053
732,92854,96
733,80026,11092
734,72717,89555
735,10330,108
736,6414,314
737,101600,19938
738,5896,2224
739,91477,107743
740,37340,291
741,13478,3
742,101668,620
743,3943,100
744,39293,2
745,81022,19816518
746,60888,211405
747,56359,6523722
748,57748,430023
749,38616,6734
750,91879,9472
751,59453,23587
752,9576,190815
753,100334,1466
754,77525,112901
755,39953,2
756,58541,8
757,12147,3731742
758,28895,197782
759,35289,176248
760,11875,3423403
761,2346,260744
762,27524,109511
763,99634,9742
764,49660,28
765,32224,5670
766,60131,898583
767,72946,105166
768,72293,5066
769,92343,564566
770,42186,78541
771,71996,84036
772,7693,64222
773,83629,227
774,93275,2231
775,96343,991
776,73920,199
777,49296,6330
778,28007,27736
779,2524,6944
780,24332,523579
781,24817,1452979
782,29992,4562
783,93125,2519
784,94239,9961
785,96465,1571
786,22046,54320
787,105075,36247
788,43961,158
789,49959,12
790,2278,6338
791,8996,1822
792,42574,3
793,95446,71174
794,81124,34830
795,51667,84123
796,101997,21066
797,56581,9784
798,95420,537
799,89488,3
800,57970,31626888
801,95758,11987
802,49612,121257
803,50244,300085
804,72027,58501
805,70434,1503
806,49999,5932
807,16395,5385
808,78437,162
809,80295,2508
810,103252,43
811,57219,47675
812,11191,188857
813,88974,184596
814,58197,131489
815,9066,609889
816,103092,94666
817,103371,11
818,88874,197
819,38433,14313
820,86309,24
821,30798,2
822,55399,100
823,74000,82
824,49573,2
825,39587,82270
826,90448,123949
827,72060,37790
828,71074,273295
829,56794,6983
830,9668,151
831,104285,29
832,54608,4126
833,42535,170
834,70998,2898196
835,55246,32893
836,48641,4769
837,6314,47245
838,84368,59210
839,25240,112
840,26017,25169
841,56216,18860
842,56115,193930
843,14014,3096
844,81383,620013
845,32708,44920
846,78320,81
847,97520,3512
848,103466,56490
849,25312,1341461
850,4884,1804887
851,14494,20212
852,30059,7876
853,27791,15871
854,51799,36778
855,3471,31
856,25318,8
857,24976,101
858,16062,295
859,32076,11
860,16566,5
861,96767,2312800
862,69023,172445
863,2735,36569
864,40344,8067
865,90819,49370
866,66597,1328302
867,43881,1206
868,103065,126682
869,51745,39
870,98103,12
871,48307,55451
872,27526,13636
873,10669,153
874,88606,39473
875,41764,2831
876,50873,100
877,91044,274458
878,31685,2
879,100724,10405871
880,8632,103936
881,41945,1053210
882,5137,50134
883,50593,98086
884,14240,662841
885,17231,4678
886,31336,80505
887,82353,49246
888,32030,739
889,30070,5474
890,19275,218
891,53057,16
892,91955,232061
893,89630,5
894,90271,616
895,31949,235810
896,105871,9353
897,35743,99615
898,40598,333328
899,81541,99646
900,91903,5348
901,32634,114494
902,8951,53813
903,105488,175
904,51656,1
905,62662,20
906,68161,39967626
907,17140,300334
908,5741,289
909,11811,59974
910,74570,44379
911,86341,1264
912,93892,850
913,82700,9
914,85567,819
915,89752,5471
916,20824,5221
917,17431,651
918,49321,246312
919,36367,424
920,10451,7645
921,103437,382
922,53061,33
923,94955,12
924,17202,4
925,12330,312030
926,88915,15363
927,31487,3122254
928,14987,215
929,93947,2652
930,105913,8
931,104199,10151
932,50996,5331
933,94542,4891
934,57700,115539
935,22051,2010
936,16279,1
937,75748,26
938,29726,66
939,14753,26
940,68758,4290478
941,80051,436622
942,62778,459464
943,31901,132771
944,17088,28
945,61469,1810363
946,7352,315993
947,84526,1091
948,4274,114172
949,9056,219909
950,47196,419
951,62281,60893
952,7238,176786
953,99016,8099
954,34465,3095
955,12787,13
956,105137,31
957,82611,93909
958,3304,4253
959,50019,705241
960,91611,932084
961,80952,217548
962,56392,7857
963,53059,15249
964,83925,244
965,7618,4379
966,5575,2
967,91661,161319
968,103479,1644
969,50033,94631
970,37753,43395
971,49110,49337
972,32093,152798
973,89272,36
974,7130,6
975,34228,6
976,103493,2
977,13635,5
978,102045,24
979,38187,195886
980,57140,475765
981,50859,20181
982,91952,282598
983,79076,37942
984,67348,348387
985,29590,167602
986,73067,470867
987,11428,879
988,99633,11164
989,32399,26143
990,99916,8
991,104047,370
992,98525,808
993,30289,20969
994,15167,134655
995,38569,253297
996,21686,59671
997,3830,4068900
998,21649,1664
999,16216,17881
1000,38372,20725
1001,78409,50486
1002,95096,243712
1003,23916,260
1004,96911,106690
1005,95283,2991
1006,76955,3
1007,44275,8
1008,46197,1159871
1009,2547,45273
1010,49155,90908
1011,7209,59215
1012,90148,28756
1013,99188,348
1014,10945,25
1015,56757,244291
1016,59861,23
1017,105181,6
1018,100613,16
1019,58479,5383
1020,105690,6
1021,10464,20
1022,91282,61034
1023,37798,140826
1024,54645,478221
1025,58105,33249
1026,1385,1832
1027,74027,1728
1028,90288,2218
1029,84927,5913
1030,7597,229
1031,96906,97
1032,93997,1001
1033,2579,9124
1034,48207,41409
1035,49561,52187
1036,94002,66688
1037,1685,1220
1038,62787,10
1039,92581,2
1040,14602,2
1041,86329,385161
1042,58614,822567
1043,56683,11546
1044,20829,93581
1045,80762,81634
1046,22426,98
1047,82914,132215
1048,56427,13881
1049,23688,1819
1050,42110,28622
1051,51256,124
1052,28679,1369
1053,51051,32014
1054,45140,1922
1055,93334,163
1056,89460,913
1057,23988,8
1058,48694,62666
1059,99122,2
1060,14504,592
1061,13614,2
1062,1494,4
1063,20744,625547
1064,19443,11887528
1065,50832,1202699
1066,70415,1780568
1067,97698,84816
1068,36893,10516
1069,46684,53472
1070,70663,20301
1071,92047,30
1072,93529,633
1073,19256,21
1074,21502,9191
1075,8324,197157
1076,68502,58856
1077,3169,61571
1078,102656,6618
1079,61071,5207
1080,93404,2385
1081,75258,8268
1082,70835,108
1083,11667,93
1084,89553,16938
1085,44856,83819
1086,70259,62277
1087,77877,2389
1088,51347,6492
1089,9368,1255
1090,42090,164474
1091,35920,721
1092,5627,610
1093,9002,4985
1094,50251,5589
1095,100340,117
1096,50877,2761
1097,91761,15
1098,50564,749114
1099,24212,20205
1100,70775,7203
1101,51940,6328
1102,90846,1210
1103,11235,17393
1104,14394,406
1105,75421,24
1106,24921,11
1107,93494,6
1108,53111,4567863
1109,2814,1661919
1110,15142,36748353
1111,94770,3364
1112,47862,756983
1113,77983,24048
1114,8572,58975
1115,85490,4
1116,30993,451737
1117,81686,350
1118,51425,15172
1119,58746,82204
1120,14027,25416
1121,92877,35323
1122,74296,5582
1123,88624,107783
1124,27714,100
1125,97452,64
1126,62857,81603
1127,33877,725528
1128,33244,126392
1129,5393,1516
1130,20196,5736
1131,55583,3960
1132,69815,599
1133,49928,6435
1134,35693,41698
1135,102658,71
1136,103463,103905
1137,1230,2603536
1138,59714,55091
1139,6470,733787
1140,13010,55735
1141,18569,5635
1142,74642,10093
1143,48999,74
1144,48146,113912
1145,71681,381800
1146,5362,231
1147,103676,23
1148,1607,12
1149,5058,103284
1150,37936,79888
1151,89859,305772
1152,11410,39755
1153,101693,603
1154,34016,66846
1155,92084,507
1156,17096,6
1157,32146,5666583
1158,37518,19473
1159,34659,38533
1160,23875,1301
1161,92624,15199
1162,55436,15354
1163,91372,99
1164,69827,177
1165,60069,550466
1166,12915,283927
1167,5407,161454
1168,16557,135127
1169,78722,1206363
1170,48939,15776
1171,94625,330
1172,38262,46618
1173,70336,1
1174,24211,151161
1175,85831,3807
1176,72091,363161
1177,9880,186644
1178,42987,1422
1179,47670,35
1180,102503,33
1181,26987,5917
1182,106474,12
1183,55582,2
1184,106525,2
1185,79635,1255377
1186,5468,504
1187,92929,215
1188,95636,220345
1189,79227,18
1190,103661,3643
1191,18532,3
1192,54841,3420
1193,97294,10
1194,22754,7
1195,7721,2
1196,90599,28121
1197,78012,535791
1198,38175,106631
1199,104201,173
1200,37572,2762
1201,58809,764570
1202,55679,17552
1203,94061,2683
1204,79455,161
1205,99877,496
1206,83420,10018
1207,15261,6587
1208,70669,33
1209,77810,5
1210,15542,440
1211,39115,68755600
1212,30140,2103430
1213,31174,4535
1214,57603,359766
1215,84601,247263
1216,86332,1595
1217,51915,445
1218,32646,24895
1219,73222,432
1220,52956,28846
1221,101474,49
1222,68813,9258173
1223,6918,127470
1224,42328,37995
1225,60461,95
1226,31686,74562
1227,93251,5709
1228,42832,537752
1229,55080,32763
1230,90151,211
1231,97611,106
1232,103462,76
1233,79211,1052
1234,8959,441367632
1235,31764,304081
1236,89839,130246
1237,93253,82
1238,1039,2194
1239,70666,342899
1240,9511,426
1241,4579,1672838
1242,31300,33299
1243,56377,259004
1244,80187,14978
1245,70498,22833
1246,37419,1224
1247,80149,6
1248,13770,1744
1249,46689,2
1250,91712,83507
1251,101666,292465
1252,98885,45832
1253,79335,14437354
1254,31593,338849
1255,5410,16627000
1256,11816,2067
1257,103608,9181
1258,25964,52732
1259,10782,1551
1260,1447,298
1261,28563,496856
1262,88993,282993
1263,42447,1148103
1264,82953,478891
1265,92975,4554981
1266,6034,49479
1267,69094,10323
1268,97001,52
1269,103283,107
1270,14907,27
1271,3692,109
1272,14763,5873
1273,71738,47149
1274,80397,24
1275,81342,89
1276,3760,2
1277,11118,786251
1278,11198,106565
1279,69243,65268
1280,57458,6802
1281,57129,44460
1282,80289,467316
1283,8791,9940
1284,93770,1210
1285,93503,132
1286,31059,102822
1287,102900,31
1288,30398,15
1289,69093,16658
1290,103765,486384
1291,70872,228783
1292,23679,23116
1293,49072,39995
1294,12218,247
1295,3318,30
1296,32011,82
1297,2672,38
1298,100662,41
1299,72090,88803
1300,99956,87580
1301,24234,723147
1302,38560,48174
1303,60014,7460
1304,50259,262431
1305,72984,27962
1306,88620,4
1307,6702,3243041
1308,99659,61323
1309,100095,9295
1310,23943,494233
1311,100006,152974
1312,32585,24879
1313,11318,200
1314,79432,3122
1315,104512,6
1316,101899,2
1317,75783,220197
1318,4819,185927
1319,25491,101729
1320,91519,647204
1321,102046,1390
1322,86353,991
1323,89391,153
1324,99285,7
1325,15741,72733
1326,8819,291890
1327,25622,37535
1328,17553,1322
1329,23273,6108
1330,104229,459
1331,15032,10969
1332,2260,21133
1333,55145,1023
1334,22527,3356102
1335,55005,132880
1336,3267,403819
1337,43956,12912
1338,24183,6092
1339,15847,4
1340,88628,1556
1341,47526,210
1342,72117,7
1343,51212,1618882
1344,55634,26155
1345,97569,2034774
1346,50826,233373
1347,36619,41520
1348,92282,136
1349,78252,65628
1350,22224,33
1351,43528,12747
1352,24998,2091
1353,86136,27801
1354,16785,5
1355,51950,6474
1356,45727,141727
1357,95509,256
1358,29587,68353
1359,35002,546390
1360,56808,3
1361,70979,19136210
1362,11551,1287
1363,27774,50
1364,24421,4568806
1365,19041,408572
1366,68742,242419
1367,25950,577929
1368,71583,495247
1369,9774,294597
1370,96808,796167
1371,58316,18147
1372,28304,23870
1373,81402,11
1374,96491,6309
1375,102315,9
1376,23574,2
1377,51005,15535
1378,56300,4038
1379,57618,15
1380,43257,694430
1381,60436,79832
1382,70691,89129
1383,29924,33718
1384,36196,7519
1385,5475,25530
1386,21466,3665
1387,55960,88995
1388,32151,1575
1389,3322,6
1390,51962,55
1391,80700,4
1392,99587,762
1393,5185,59252
1394,30743,1526282
1395,72495,60717
1396,66803,120673
1397,74444,4075
1398,89755,29
1399,50772,5567
1400,88975,16962
1401,88914,2
1402,59535,10
1403,58449,6
1404,22720,142
1405,3599,1
1406,27993,19479
1407,29062,2882260
1408,14922,317319
1409,3246,1748
1410,60837,2528
1411,55372,24224
1412,22274,31664
1413,41259,6606
1414,93127,25258
1415,105563,8
1416,103683,34704
1417,28044,313042
1418,96492,3442
1419,68357,2088
1420,99283,24
1421,5686,812
1422,78514,4865
1423,104555,25
1424,106555,10
1425,25315,1440939
1426,16737,7456
1427,61204,254595
1428,56559,118818
1429,32196,1305537
1430,68199,331869
1431,28048,5416
1432,38990,1383108
1433,21491,7612366
1434,60269,623864
1435,84462,72274
1436,9472,562
1437,83894,1168
1438,9646,614379
1439,49576,8
1440,78291,1366202
1441,45138,46120
1442,105161,1011
1443,9632,3873
1444,49685,1135228
1445,24628,267598
1446,75786,811419
1447,83943,101301
1448,93786,2303
1449,50904,3406
1450,23030,6
1451,103214,432
1452,5340,170935
1453,100574,1531949
1454,22996,2656
1455,34199,144059
1456,39129,671296
1457,84845,517880
1458,54594,4046
1459,102306,54879
1460,27747,24196
1461,10384,1087
1462,92345,1011974
1463,50739,5547
1464,106856,163
1465,103250,382296
1466,71810,100143
1467,105262,185
1468,34428,33
1469,9520,2
1470,102478,115
1471,15591,1
1472,94395,4
1473,58808,5018677
1474,72524,184642
1475,86089,138240
1476,8854,1681366
1477,71437,735087
1478,50961,29777
1479,11848,1577
1480,50773,27719
1481,100703,470
1482,20973,71306
1483,8873,278
1484,96778,4
1485,98788,2154
1486,15250,168762
1487,12005,10374297
1488,10699,21384
1489,11380,254999
1490,56454,205674
1491,32066,362822
1492,61049,71522
1493,13033,6899
1494,20111,2721
1495,81826,3513
1496,23945,182
1497,15932,2
1498,68907,118371665
1499,6270,23982
1500,27011,28328
1501,16256,4038
1502,40342,1551
1503,103977,76625
1504,11480,8917207
1505,9542,85367
1506,37470,214957
1507,46782,17222
1508,20786,10806
1509,57226,76518
1510,12990,147226
1511,23003,2044
1512,47850,194
1513,6585,18
1514,93660,1412355
1515,83588,868078
1516,75065,1792880
1517,2061,279102
1518,27735,11024479
1519,59470,24796
1520,72565,127914
1521,22538,692
1522,23621,1908
1523,29042,11876
1524,43882,933974
1525,16686,1128704
1526,45715,278712
1527,8157,139815
1528,62078,12609
1529,56623,592
1530,24626,51176
1531,56639,26034
1532,19424,10205
1533,31393,87
1534,101015,4
1535,59301,2
1536,35923,494031
1537,52909,980
1538,31488,67255
1539,23855,9888
1540,50912,66
1541,11565,24159
1542,35745,6020
1543,62085,3
1544,57283,6
1545,19812,959257
1546,24885,135481
1547,86071,110145
1548,93845,60898
1549,21234,18
1550,25413,168
1551,46924,13
1552,51354,64680
1553,34686,5495
1554,11521,3879343
1555,9412,46001
1556,12458,401452
1557,103489,548
1558,101905,343993
1559,22508,32747
1560,101301,504427
1561,8357,19930
1562,105056,248522
1563,23617,14
1564,35797,2
1565,11087,90191
1566,24955,323814
1567,84873,316892
1568,72623,575419
1569,55932,1103770
1570,13578,330437
1571,90091,1670
1572,51853,118390
1573,7495,78995
1574,73265,514
1575,99181,70
1576,103611,6094
1577,15109,13770
1578,50807,13489
1579,95163,2
1580,84449,143
1581,14215,6
1582,48539,534854
1583,14002,91366
1584,38901,70659
1585,49572,78025
1586,69078,35966
1587,59125,82887
1588,2908,18247
1589,92347,61
1590,60892,144391
1591,92206,658
1592,11896,12
1593,24566,7380
1594,95247,732369
1595,2280,568904
1596,100551,128
1597,43438,128843
1598,57697,564523
1599,85833,50605
1600,22793,188622
1601,38083,615
1602,90371,299266
1603,12211,13
1604,105094,9
1605,27697,21220
1606,92327,32
1607,9658,981
1608,103669,49193
1609,73574,162090
1610,100874,3441
1611,80927,19337827
1612,27739,2108
1613,41280,652080
1614,49677,229442
1615,60939,12120
1616,2126,9
1617,47863,2895889
1618,85489,434132
1619,80512,175632
1620,99284,1509
1621,85264,32523
1622,85646,29
1623,81538,228
1624,16982,16
1625,92130,427
1626,16581,24406
1627,51352,119269
1628,56358,224674
1629,75423,4464
1630,103820,51
1631,30955,149100
1632,58983,42239
1633,10372,34
1634,28389,2
1635,57135,882629
1636,69244,181133
1637,57165,515212
1638,35111,67272
1639,74561,8030403
1640,35329,137367
1641,9421,17305
1642,35724,59961
1643,1472,3654
1644,12274,12
1645,22339,687866
1646,88913,34726
1647,27783,1337485
1648,84155,15406
1649,50789,39615
1650,59012,328
1651,79663,62744
1652,42963,212901
1653,29989,6547
1654,18681,2688
1655,1241,23910
1656,29605,128
1657,97000,3
1658,69138,158287
1659,34408,36375
1660,24076,24538
1661,50193,12
1662,99020,2708
1663,28550,346331
1664,90370,19393
1665,5858,3261
1666,32628,196450
1667,24317,23
1668,22497,127273
1669,79150,360947
1670,82163,32750
1671,15578,12069
1672,9770,5
1673,36254,40432
1674,13585,59707
1675,59016,2188
1676,50465,7816
1677,103857,599
1678,85076,7806
1679,91892,11037
1680,19704,77418
1681,13535,1221559
1682,84840,6452356
1683,44561,32949
1684,77409,13182
1685,37397,106737
1686,25435,2149
1687,11231,213202
1688,37885,151
1689,41672,262
1690,31961,2078
1691,22334,170
1692,24849,512020
1693,105033,1402
1694,43677,575367
1695,70502,497351
1696,82359,162292
1697,75057,3238
1698,6697,252966
1699,83531,6815
1700,18992,2
1701,102442,5662
1702,100998,1
1703,92884,2002
1704,83589,769422
1705,43399,7116
1706,95168,137
1707,84548,16873
1708,32388,441347
1709,28194,12935
1710,17329,4533
1711,100682,776
1712,10672,24
1713,70406,8956125
1714,30812,125958
1715,43241,18433
1716,36890,39331
1717,59813,364
1718,2319,73584
1719,82703,45503
1720,103989,28
1721,13536,12
1722,5141,145769
1723,45160,25428
1724,55864,248919
1725,30754,9166
1726,71141,11
1727,102224,38
1728,30290,8
1729,13005,37118
1730,56046,510383
1731,82045,4693774
1732,9490,53229
1733,41013,192510
1734,50124,724165
1735,13771,63965
1736,2,578609
1737,55663,106
1738,15899,4009
1739,81604,241
1740,9104,2
1741,15148,6167522
1742,81657,141904
1743,59705,50742
1744,19955,52610
1745,25489,23497
1746,6502,30
1747,30488,4
1748,62138,63
1749,83403,1
1750,95272,31788
1751,103609,468
1752,81552,18860
1753,57424,647
1754,63196,4951
1755,56545,4
1756,7577,545389
1757,63159,23653
1758,44855,83757
1759,42240,82281
1760,71682,12465
1761,91883,65944
1762,45559,220
1763,27130,22
1764,43519,4
1765,50529,5136557
1766,62924,47478
1767,38939,13297
1768,45001,579519
1769,59610,302
1770,3321,297
1771,104334,199
1772,51446,156
1773,31141,249201
1774,92626,8645
1775,36657,36191
1776,48535,64063
1777,79799,3228
1778,51382,619
1779,22655,1430
1780,11555,144
1781,38324,4891735
1782,40651,1120595
1783,31297,406330
1784,24117,116330
1785,80912,39034
1786,104438,190
1787,90394,3188
1788,103654,6844
1789,103635,255
1790,86334,1024037
1791,99,1129165
1792,31097,143938
1793,90089,1965
1794,29594,36142
1795,24691,463
1796,23636,104
1797,56682,6120
1798,74536,568
1799,56945,65
1800,31183,2
1801,106468,1
1802,56860,121872
1803,9773,87643
1804,34822,34259
1805,90902,199794
1806,51268,136276
1807,74476,142065
1808,55961,31313
1809,99879,59949
1810,56908,25324
1811,19003,12
1812,24172,20128
1813,24154,165119
1814,71964,186559
1815,77410,12898
1816,59141,6137
1817,86134,44973
1818,104585,978
1819,28182,54261
1820,28880,555893
1821,18034,236204
1822,16019,211669
1823,5882,2010663
1824,9496,61261
1825,80798,144
1826,35360,8162
1827,16858,40
1828,5514,15
1829,101828,53
1830,103584,297
1831,62514,143
1832,28353,1
1833,7592,17370832
1834,50813,345930
1835,10120,56397
1836,91930,5128146
1837,100391,22392
1838,13178,132
1839,12855,8906
1840,80585,2
1841,77787,32
1842,31503,1
1843,103477,5584
1844,42938,175535
1845,22543,480564
1846,14409,10486
1847,21463,35547
1848,25439,1971
1849,12522,40302
1850,22271,26245
1851,6546,44
1852,34146,9
1853,19018,7
1854,90796,41284
1855,89945,147247
1856,38463,1463
1857,51111,225494
1858,97472,359588
1859,93524,310
1860,88868,112
1861,5019,7
1862,45059,8502583
1863,35160,460170
1864,81649,942582
1865,66630,611349
1866,90662,188812
1867,68676,551
1868,71467,109
1869,83996,72
1870,104046,373314
1871,95016,40
1872,79881,2298
1873,89549,109079
1874,30124,360
1875,100091,1654
1876,94543,17
1877,103455,5
1878,78911,1781354
1879,30997,950793
1880,25369,109749
1881,28016,52888
1882,33363,1162011
1883,16529,277556
1884,82815,2238
1885,75456,6605763
1886,12754,16880
1887,83616,57965
1888,102865,3130
1889,3980,19300
1890,83305,24721
1891,37677,9420
1892,89339,14
1893,14679,1
1894,50769,67237
1895,7507,60185
1896,99442,2951
1897,57517,63973
1898,0,436073
1899,13192,75900
1900,58723,2168
1901,75312,4
1902,79093,3
1903,70670,1208042
1904,101898,2152
1905,12451,998180
1906,4330,821
1907,12177,55189
1908,83530,15040
1909,69720,1407
1910,92949,1
1911,92490,9579
1912,42351,708890
1913,37568,109729
1914,57591,28644
1915,89555,810
1916,24081,208
1917,62663,5626
1918,78668,1565
1919,84524,1005425
1920,28620,1079948
1921,25016,1681046
1922,94817,74724
1923,47991,1847
1924,83811,75802
1925,101476,2
1926,103680,43
1927,56162,8
1928,83668,1
1929,12250,715023
1930,72121,48218
1931,50449,69193
1932,95741,169371
1933,10488,140
1934,93324,38376
1935,103367,1590
1936,49156,6
1937,81873,7841
1938,34073,7476
1939,75608,129115
1940,94585,2629
1941,92127,252175
1942,100503,302
1943,94957,3127
1944,82044,25586
1945,30182,1474
1946,51499,5212
1947,61409,48308
1948,50080,22531
1949,73699,3091
1950,40737,1866
1951,23631,46
1952,84201,3
1953,32161,218155
1954,103088,65558
1955,92499,36746
1956,95444,40
1957,60811,67772
1958,83406,2025
1959,17127,47
1960,104085,1043
1961,23419,46
1962,3381,38981
1963,47281,30665
1964,2454,6840
1965,8838,2142
1966,99913,8
1967,81429,10906
1968,12141,58001
1969,99286,61556
1970,33803,45432
1971,63325,103333
1972,100184,6535
1973,28131,579
1974,27788,25
1975,89857,4355
1976,103659,2408
